project,dsp_pedon_id,dsp_plot_id,label,trt,explanation,lu,till,soil,suborder,soil_sampled_name,pedon_x,pedon_y,map,mat
KansasState,KeCF3-1,KeCF3,SHM,No-till - diverse rotation,"20 years+ of No-till with 100% residue post-harvest. Covercropping is not typical of the area due to high water holding capacities of the soils paired with low and highly variable annual precipitation.  He has found covercropping to be less efficient at recharging the soil profile than fallow, and has documented yield losses from cover cropping.  Kastens has done covercropping research since 2010, spending over $50,000 to reach this conclusion, thought they still do some small trials currently.  The crop rotation is diverse as it includes a winter grass, summer grass, and legume.  Wheat, corn, yellow peas represent a typical crop rotation.",CROP,No-till,Keith,Ustolls,Keith,-100.89697,39.9519869,533.443969726562,10.9399995803833
KansasState,KeCF3-2,KeCF3,SHM,No-till - diverse rotation,"20 years+ of No-till with 100% residue post-harvest. Covercropping is not typical of the area due to high water holding capacities of the soils paired with low and highly variable annual precipitation.  He has found covercropping to be less efficient at recharging the soil profile than fallow, and has documented yield losses from cover cropping.  Kastens has done covercropping research since 2010, spending over $50,000 to reach this conclusion, thought they still do some small trials currently.  The crop rotation is diverse as it includes a winter grass, summer grass, and legume.  Wheat, corn, yellow peas represent a typical crop rotation.",CROP,No-till,Keith,Ustolls,Keith,-100.8967806,39.9521612,533.443969726562,10.9399995803833
KansasState,KeCF3-3,KeCF3,SHM,No-till - diverse rotation,"20 years+ of No-till with 100% residue post-harvest. Covercropping is not typical of the area due to high water holding capacities of the soils paired with low and highly variable annual precipitation.  He has found covercropping to be less efficient at recharging the soil profile than fallow, and has documented yield losses from cover cropping.  Kastens has done covercropping research since 2010, spending over $50,000 to reach this conclusion, thought they still do some small trials currently.  The crop rotation is diverse as it includes a winter grass, summer grass, and legume.  Wheat, corn, yellow peas represent a typical crop rotation.",CROP,No-till,Keith,Ustolls,Keith,-100.8967806,39.9521612,533.443969726562,10.9399995803833
KansasState,KeC3-1,KeC3,BAU,Till converting to no-till,"Conventional tillage estimated at every two years until 2018, 2018 was first year of no-till.  Recently purchased fields.""Tillage Until 2018"" ",CROP,Till,Keith,Ustolls,Keith,-100.868944,39.978288,533.513977050781,10.9399995803833
KansasState,KeC3-2,KeC3,BAU,Till converting to no-till,"Conventional tillage estimated at every two years until 2018, 2018 was first year of no-till.  Recently purchased fields.""Tillage Until 2018"" ",CROP,Till,Keith,Ustolls,Keith,-100.868986,39.978452,533.513977050781,10.9399995803833
KansasState,KeC3-3,KeC3,BAU,Till converting to no-till,"Conventional tillage estimated at every two years until 2018, 2018 was first year of no-till.  Recently purchased fields.""Tillage Until 2018"" ",CROP,Till,Keith,Ustolls,Keith,-100.8687585,39.9783659,533.513977050781,10.9399995803833
KansasState,KeN3-1,KeN3,Ref,Native Rangeland (>80years),"Native rangeland, never been tilled to his knowledge (over 80 years).  100-125 700lb steers to a 0.5mile x 1mile pasture",RANGE,Perennial,Keith,Ustolls,Keith,-100.8692162,39.9736474,533.513977050781,10.9399995803833
KansasState,KeN3-2,KeN3,Ref,Native Rangeland (>80years),"Native rangeland, never been tilled to his knowledge (over 80 years).  100-125 700lb steers to a 0.5mile x 1mile pasture",RANGE,Perennial,Keith,Ustolls,Keith,-100.8692095,39.9739409,533.513977050781,10.9399995803833
KansasState,KeN3-3,KeN3,Ref,Native Rangeland (>80years),"Native rangeland, never been tilled to his knowledge (over 80 years).  100-125 700lb steers to a 0.5mile x 1mile pasture",RANGE,Perennial,Keith,Ustolls,Keith,-100.8690184,39.9737363,533.513977050781,10.9399995803833
KansasState,KeCF1-1,KeCF1,SHM,"No-Till  with cover crop -  corn, oats, or wheat.","No-Till since 2001 with cover cropping.  Cover cropped every three years since 2006.  Typically planted to corn, oats, or wheat.",CROP,No-till,Keith,Ustolls,Keith,-100.5431538,39.2447359,551.463012695312,11.3099994659424
KansasState,KeCF1-2,KeCF1,SHM,"No-Till  with cover crop -  corn, oats, or wheat.","No-Till since 2001 with cover cropping.  Cover cropped every three years since 2006.  Typically planted to corn, oats, or wheat.",CROP,No-till,Keith,Ustolls,Keith,-100.5430643,39.2450134,551.463012695312,11.3099994659424
KansasState,KeCF1-3,KeCF1,SHM,"No-Till  with cover crop -  corn, oats, or wheat.","No-Till since 2001 with cover cropping.  Cover cropped every three years since 2006.  Typically planted to corn, oats, or wheat.",CROP,No-till,Keith,Ustolls,Keith,-100.5427146,39.2447102,551.463012695312,11.3099994659424
KansasState,KeN1-1,KeN1,Ref,Native Rangeland (>40 years),"Native rangeland, never been tilled to their knowledge (over 40 years)",RANGE,Perennial,Keith,Ustolls,Keith,-100.56165,39.249205,549.692016601562,11.2898998260498
KansasState,KeN1-2,KeN1,Ref,Native Rangeland (>40 years),"Native rangeland, never been tilled to their knowledge (over 40 years)",RANGE,Perennial,Keith,Ustolls,Keith,-100.56165,39.249205,549.692016601562,11.2898998260498
KansasState,KeN1-3,KeN1,Ref,Native Rangeland (>40 years),"Native rangeland, never been tilled to their knowledge (over 40 years)",RANGE,Perennial,Keith,Ustolls,Keith,-100.56165,39.249205,549.692016601562,11.2898998260498
KansasState,KeC1-1,KeC1,BAU,Till with rotation (eco-fallow),"Eco-Fallow Rotation.  Summer fallow is reg tillage, driled to wheat, spray stubble after harvest.  No-till corn, then fallow. (Fallow is the tillage part and wheat stubble is cleaned) No disc, just a sweep plow",CROP,Till,Keith,Ustolls,Keith,-100.557271,39.244626,549.925964355469,11.2898998260498
KansasState,KeC1-2,KeC1,BAU,Till with rotation (eco-fallow),"Eco-Fallow Rotation.  Summer fallow is reg tillage, driled to wheat, spray stubble after harvest.  No-till corn, then fallow. (Fallow is the tillage part and wheat stubble is cleaned) No disc, just a sweep plow",CROP,Till,Keith,Ustolls,Keith,-100.557271,39.244626,549.925964355469,11.2898998260498
KansasState,KeC1-3,KeC1,BAU,Till with rotation (eco-fallow),"Eco-Fallow Rotation.  Summer fallow is reg tillage, driled to wheat, spray stubble after harvest.  No-till corn, then fallow. (Fallow is the tillage part and wheat stubble is cleaned) No disc, just a sweep plow",CROP,Till,Keith,Ustolls,Keith,-100.557271,39.244626,549.925964355469,11.2898998260498
KansasState,KeC2-1,KeC2,BAU,Tilled once every 3 years.  Sorghum/wheat/corn,"Tilled once every 3 years.  Sorghum '15, tilled summer 2016, wheat '16, corn '18",CROP,Till,Keith,Ustolls,Keith,-101.0631493,39.3817794,521.028015136719,11.0500001907349
KansasState,KeC2-2,KeC2,BAU,Tilled once every 3 years.  Sorghum/wheat/corn,"Tilled once every 3 years.  Sorghum '15, tilled summer 2016, wheat '16, corn '18",CROP,Till,Keith,Ustolls,Keith,-101.0632519,39.3815262,521.028015136719,11.0500001907349
KansasState,KeC2-3,KeC2,BAU,Tilled once every 3 years.  Sorghum/wheat/corn,"Tilled once every 3 years.  Sorghum '15, tilled summer 2016, wheat '16, corn '18",CROP,Till,Keith,Ustolls,Keith,-101.0632519,39.3815262,NA,NA
KansasState,KeN2-1,KeN2,Ref,Native Rangeland - w 1 haying,"No knowledge of tillage in last 33+ years, occasional herbicide treatment for broadleaf, 1 cut of hay per year for last five years",RANGE,Perennial,Keith,Ustolls,Keith,-101.0636022,39.3843208,521.028015136719,11.0500001907349
KansasState,KeN2-2,KeN2,Ref,Native Rangeland - w 1 haying,"No knowledge of tillage in last 33+ years, occasional herbicide treatment for broadleaf, 1 cut of hay per year for last five years",RANGE,Perennial,Keith,Ustolls,Keith,-101.0636425,39.3840397,521.028015136719,11.0500001907349
KansasState,KeN2-3,KeN2,Ref,Native Rangeland - w 1 haying,"No knowledge of tillage in last 33+ years, occasional herbicide treatment for broadleaf, 1 cut of hay per year for last five years",RANGE,Perennial,Keith,Ustolls,Keith,-101.063449,39.384217,521.028015136719,11.0500001907349
NCState,CeC1-2,CeC1,BAU,wheat - 1,corn,CROP,Till,Cecil,Udults,Cecil,-78.68135,35.73571,1223.04284667969,15.789999961853
NCState,CeC1-3,CeC1,BAU,wheat - 1,corn,CROP,Till,Cecil,Udults,Cecil,-78.68177,35.73594,1223.04284667969,15.789999961853
NCState,CeC1-1,CeC1,BAU,wheat - 1,corn,CROP,Till,Cecil,Udults,Cecil,-78.6893,35.73547,1223.27893066406,15.7299995422363
NCState,CeC2-1,CeC2,BAU,wheat - 2,corn,CROP,Till,Cecil,Udults,Cecil,-78.67495,35.72791,1223.13793945312,15.7299995422363
NCState,CeC2-2,CeC2,BAU,wheat - 2,corn,CROP,Till,Cecil,Udults,Cecil,-78.67525,35.72765,1223.13793945312,15.7299995422363
NCState,CeC2-3,CeC2,BAU,wheat - 2,corn,CROP,Till,Cecil,Udults,Cecil,-78.67555,35.72739,1223.13793945312,15.7299995422363
NCState,CeC3-1,CeC3,BAU,wheat - 3,corn,CROP,Till,Cecil,Udults,Cecil,-78.67194,35.72451,1223.13793945312,15.7299995422363
NCState,CeC3-2,CeC3,BAU,wheat - 3,corn,CROP,Till,Cecil,Udults,Cecil,-78.67194,35.72481,1223.13793945312,15.7299995422363
NCState,CeC3-3,CeC3,BAU,wheat - 3,corn,CROP,Till,Cecil,Udults,Cecil,-78.67194,35.72511,1223.13793945312,15.7299995422363
NCState,CeF3-2,CeF3,Ref,forest,forest,FOREST,Perennial,Cecil,Udults,Cecil,-78.66952,35.72619,1222.92102050781,15.6899995803833
NCState,CeF3-1,CeF3,Ref,forest,forest,FOREST,Perennial,Cecil,Udults,Cecil,-78.66969,35.72612,1222.92102050781,15.6899995803833
NCState,CeH1-1,CeH1,SHM,hay 1,hay,FORAGE,Perennial,Cecil,Udults,Cecil,-78.68048,35.73409,1223.04284667969,15.789999961853
NCState,CeH1-2,CeH1,SHM,hay 1,hay,FORAGE,Perennial,Cecil,Udults,Cecil,-78.68042,35.73443,1223.04284667969,15.789999961853
NCState,CeH1-3,CeH1,SHM,hay 1,hay,FORAGE,Perennial,Cecil,Udults,Cecil,-78.68036,35.73477,1223.04284667969,15.789999961853
NCState,CeH2-1,CeH2,SHM,hay 2,hay,FORAGE,Perennial,Cecil,Udults,Cecil,-78.67504,35.72877,1223.13793945312,15.7299995422363
NCState,CeH2-2,CeH2,SHM,hay 2,hay,FORAGE,Perennial,Cecil,Udults,Cecil,-78.67478,35.72871,1223.13793945312,15.7299995422363
NCState,CeH2-3,CeH2,SHM,hay 2,hay,FORAGE,Perennial,Cecil,Udults,Cecil,-78.67452,35.72865,1223.13793945312,15.7299995422363
NCState,CeH3-1,CeH3,SHM,hay 3,hay,FORAGE,Perennial,Cecil,Udults,Cecil,-78.67191,35.73246,1222.80590820312,15.7399997711182
NCState,CeH3-2,CeH3,SHM,hay 3,hay,FORAGE,Perennial,Cecil,Udults,Cecil,-78.67204,35.73285,1222.80590820312,15.7399997711182
NCState,CeH3-3,CeH3,SHM,hay 3,hay,FORAGE,Perennial,Cecil,Udults,Cecil,-78.67215,35.73325,1222.80590820312,15.7399997711182
TexasA&MPt-1,NAT-1-1,NAT-1,Ref,Rangland,NAT,GRASS,Perennial,Amarillo,Ustalfs,Amarillo,-102.406408,32.060626,354.966003417969,18.0100002288818
TexasA&MPt-1,NAT-2-2,NAT-2,Ref,Rangland,NAT,GRASS,Perennial,Amarillo,Ustalfs,Amarillo,-102.406791,33.059817,439.466003417969,16.0699996948242
TexasA&MPt-1,NAT-3-3,NAT-3,Ref,Rangland,NAT,GRASS,Perennial,Amarillo,Ustalfs,Amarillo,-102.406186,33.060119,439.466003417969,16.0699996948242
TexasA&MPt-1,CVT-1-1,CVT-1,BAU,Conv Till - 1,CT,CROP,Till,Amarillo,Ustalfs,Amarillo,-101.9472,32.774177,441.817993164062,16.4099998474121
TexasA&MPt-1,CVT-1-2,CVT-1,BAU,Conv Till - 1,CT,CROP,Till,Amarillo,Ustalfs,Amarillo,-101.9472,32.774177,441.817993164062,16.4099998474121
TexasA&MPt-1,CVT-1-3,CVT-1,BAU,Conv Till - 1,CT,CROP,Till,Amarillo,Ustalfs,Amarillo,-101.9472,32.774177,441.817993164062,16.4099998474121
TexasA&MPt-1,NTR-1-1,NTR-1,SHM,No Till - Rye - 1,RNT,CROP,Till,Amarillo,Ustalfs,Amarillo,-101.947399,32.775007,441.817993164062,16.4099998474121
TexasA&MPt-1,NTR-1-2,NTR-1,SHM,No Till - Rye - 1,RNT,CROP,Till,Amarillo,Ustalfs,Amarillo,-101.947399,32.775007,441.817993164062,16.4099998474121
TexasA&MPt-1,NTR-1-3,NTR-1,SHM,No Till - Rye - 1,RNT,CROP,Till,Amarillo,Ustalfs,Amarillo,-101.947399,32.775007,441.817993164062,16.4099998474121
TexasA&MPt-1,NTM-1-1,NTM-1,SHM,No Till - Mixed - 1,MNT,CROP,Till,Amarillo,Ustalfs,Amarillo,-101.946881,32.774275,441.817993164062,16.4099998474121
TexasA&MPt-1,NTM-1-2,NTM-1,SHM,No Till - Mixed - 1,MNT,CROP,Till,Amarillo,Ustalfs,Amarillo,-101.946881,32.774275,441.817993164062,16.4099998474121
TexasA&MPt-1,NTM-1-3,NTM-1,SHM,No Till - Mixed - 1,MNT,CROP,Till,Amarillo,Ustalfs,Amarillo,-101.946881,32.774275,441.817993164062,16.4099998474121
TexasA&MPt-1,NTR-2-1,NTR-2,SHM,No Till - Rye - 2,RNT,CROP,Till,Amarillo,Ustalfs,Amarillo,-101.947399,32.775007,441.817993164062,16.4099998474121
TexasA&MPt-1,NTR-2-2,NTR-2,SHM,No Till - Rye - 2,RNT,CROP,Till,Amarillo,Ustalfs,Amarillo,-101.947399,32.775007,441.817993164062,16.4099998474121
TexasA&MPt-1,NTR-2-3,NTR-2,SHM,No Till - Rye - 2,RNT,CROP,Till,Amarillo,Ustalfs,Amarillo,-101.947399,32.775007,441.817993164062,16.4099998474121
TexasA&MPt-1,NTM-2-1,NTM-2,SHM,No Till - Mixed - 2,MNT,CROP,Till,Amarillo,Ustalfs,Amarillo,-101.947229,32.775004,441.817993164062,16.4099998474121
TexasA&MPt-1,NTM-2-2,NTM-2,SHM,No Till - Mixed - 2,MNT,CROP,Till,Amarillo,Ustalfs,Amarillo,-101.947229,32.775004,441.817993164062,16.4099998474121
TexasA&MPt-1,NTM-2-3,NTM-2,SHM,No Till - Mixed - 2,MNT,CROP,Till,Amarillo,Ustalfs,Amarillo,-101.947229,32.775004,441.817993164062,16.4099998474121
TexasA&MPt-1,CVT-2-1,CVT-2,BAU,Conv Till - 2,CT,CROP,Till,Amarillo,Ustalfs,Amarillo,-101.947051,32.774988,441.817993164062,16.4099998474121
TexasA&MPt-1,CVT-2-2,CVT-2,BAU,Conv Till - 2,CT,CROP,Till,Amarillo,Ustalfs,Amarillo,-101.947051,32.774988,441.817993164062,16.4099998474121
TexasA&MPt-1,CVT-2-3,CVT-2,BAU,Conv Till - 2,CT,CROP,Till,Amarillo,Ustalfs,Amarillo,-101.947051,32.774988,441.817993164062,16.4099998474121
TexasA&MPt-1,NTM-3-1,NTM-3,SHM,No Till - Mixed - 3,MNT,CROP,Till,Amarillo,Ustalfs,Amarillo,-101.94738,32.775739,441.817993164062,16.4099998474121
TexasA&MPt-1,NTM-3-2,NTM-3,SHM,No Till - Mixed - 3,MNT,CROP,Till,Amarillo,Ustalfs,Amarillo,-101.94738,32.775739,441.817993164062,16.4099998474121
TexasA&MPt-1,NTM-3-3,NTM-3,SHM,No Till - Mixed - 3,MNT,CROP,Till,Amarillo,Ustalfs,Amarillo,-101.94738,32.775739,441.817993164062,16.4099998474121
TexasA&MPt-1,CVT-3-1,CVT-3,BAU,Conv Till - 3,CT,CROP,Till,Amarillo,Ustalfs,Amarillo,-101.947185,32.775734,441.817993164062,16.4099998474121
TexasA&MPt-1,CVT-3-2,CVT-3,BAU,Conv Till - 3,CT,CROP,Till,Amarillo,Ustalfs,Amarillo,-101.947185,32.775734,441.817993164062,16.4099998474121
TexasA&MPt-1,CVT-3-3,CVT-3,BAU,Conv Till - 3,CT,CROP,Till,Amarillo,Ustalfs,Amarillo,-101.947185,32.775734,441.817993164062,16.4099998474121
TexasA&MPt-1,NTR-3-1,NTR-3,SHM,No Till - Rye - 3,RNT,CROP,Till,Amarillo,Ustalfs,Amarillo,-101.947009,32.775683,441.817993164062,16.4099998474121
TexasA&MPt-1,NTR-3-2,NTR-3,SHM,No Till - Rye - 3,RNT,CROP,Till,Amarillo,Ustalfs,Amarillo,-101.947009,32.775683,441.817993164062,16.4099998474121
TexasA&MPt-1,NTR-3-3,NTR-3,SHM,No Till - Rye - 3,RNT,CROP,Till,Amarillo,Ustalfs,Amarillo,-101.947009,32.775683,441.817993164062,16.4099998474121
TexasA&MPt-2,R-1-1,R-1,Ref,Native Rangeland,Native,FORAGE,Perennial,Pullman,Ustolls,Pullman,-102.093806,35.18025,469.126983642578,13.7299995422363
TexasA&MPt-2,MT-1-1,MT-1,BAU,Mulch tillage fallow after sorghum,Mulch tillage fallow after sorghum,CROP,Till,Pullman,Ustolls,Pullman,-102.093806,35.18025,469.126983642578,13.7299995422363
TexasA&MPt-2,MT-1-2,MT-1,BAU,Mulch tillage fallow after sorghum,Mulch tillage fallow after sorghum,CROP,Till,Pullman,Ustolls,Pullman,-102.093806,35.18025,469.126983642578,13.7299995422363
TexasA&MPt-2,MT-1-3,MT-1,BAU,Mulch tillage fallow after sorghum,Mulch tillage fallow after sorghum,CROP,Till,Pullman,Ustolls,Pullman,-102.093806,35.18025,469.126983642578,13.7299995422363
TexasA&MPt-2,NT-2-1,NT-2,SHM,no-till fallow after wheat,no-till fallow after wheat,CROP,No-till,Pullman,Ustolls,Pullman,-102.093806,35.18025,469.126983642578,13.7299995422363
TexasA&MPt-2,NT-2-2,NT-2,SHM,no-till fallow after wheat,no-till fallow after wheat,CROP,No-till,Pullman,Ustolls,Pullman,-102.093806,35.18025,469.126983642578,13.7299995422363
TexasA&MPt-2,NT-2-3,NT-2,SHM,no-till fallow after wheat,no-till fallow after wheat,CROP,No-till,Pullman,Ustolls,Pullman,-102.093806,35.18025,469.126983642578,13.7299995422363
TexasA&MPt-2,MT-2-1,MT-2,BAU,mulch tillage fallow after wheat,mulch tillage fallow after wheat,CROP,Till,Pullman,Ustolls,Pullman,-102.093806,35.18025,469.126983642578,13.7299995422363
TexasA&MPt-2,MT-2-2,MT-2,BAU,mulch tillage fallow after wheat,mulch tillage fallow after wheat,CROP,Till,Pullman,Ustolls,Pullman,-102.093806,35.18025,469.126983642578,13.7299995422363
TexasA&MPt-2,MT-2-3,MT-2,BAU,mulch tillage fallow after wheat,mulch tillage fallow after wheat,CROP,Till,Pullman,Ustolls,Pullman,-102.093806,35.18025,469.126983642578,13.7299995422363
TexasA&MPt-2,NT-3-1,NT-3,SHM,no-till wheat,no-till wheat,CROP,No-till,Pullman,Ustolls,Pullman,-102.093806,35.18025,469.126983642578,13.7299995422363
TexasA&MPt-2,R-1-2,R-1,Ref,Native Rangeland,Native,FORAGE,Perennial,Pullman,Ustolls,Pullman,-102.093806,35.18025,469.126983642578,13.7299995422363
TexasA&MPt-2,NT-3-2,NT-3,SHM,no-till wheat,no-till wheat,CROP,No-till,Pullman,Ustolls,Pullman,-102.093806,35.18025,469.126983642578,13.7299995422363
TexasA&MPt-2,NT-3-3,NT-3,SHM,no-till wheat,no-till wheat,CROP,No-till,Pullman,Ustolls,Pullman,-102.093806,35.18025,469.126983642578,13.7299995422363
TexasA&MPt-2,MT-3-1,MT-3,BAU,mulch tillage wheat,mulch tillage wheat,CROP,Till,Pullman,Ustolls,Pullman,-102.093806,35.18025,469.126983642578,13.7299995422363
TexasA&MPt-2,MT-3-2,MT-3,BAU,mulch tillage wheat,mulch tillage wheat,CROP,Till,Pullman,Ustolls,Pullman,-102.093806,35.18025,469.126983642578,13.7299995422363
TexasA&MPt-2,MT-3-3,MT-3,BAU,mulch tillage wheat,mulch tillage wheat,CROP,Till,Pullman,Ustolls,Pullman,-102.093806,35.18025,469.126983642578,13.7299995422363
TexasA&MPt-2,R-1-3,R-1,Ref,Native Rangeland,Native,FORAGE,Perennial,Pullman,Ustolls,Pullman,-102.093806,35.18025,469.126983642578,13.7299995422363
TexasA&MPt-2,R-2-1,R-2,Ref,Native with introduced species,Native with introduced species,FORAGE,Perennial,Pullman,Ustolls,Pullman,-102.093806,35.18025,469.126983642578,13.7299995422363
TexasA&MPt-2,R-2-2,R-2,Ref,Native with introduced species,Native with introduced species,FORAGE,Perennial,Pullman,Ustolls,Pullman,-102.093806,35.18025,469.126983642578,13.7299995422363
TexasA&MPt-2,R-2-3,R-2,Ref,Native with introduced species,Native with introduced species,FORAGE,Perennial,Pullman,Ustolls,Pullman,-102.093806,35.18025,469.126983642578,13.7299995422363
TexasA&MPt-2,NT-1-1,NT-1,SHM,no-till fallow after sorghum,no-till fallow after sorghum,CROP,No-till,Pullman,Ustolls,Pullman,-102.093806,35.18025,469.126983642578,13.7299995422363
TexasA&MPt-2,NT-1-2,NT-1,SHM,no-till fallow after sorghum,no-till fallow after sorghum,CROP,No-till,Pullman,Ustolls,Pullman,-102.093806,35.18025,469.126983642578,13.7299995422363
TexasA&MPt-2,NT-1-3,NT-1,SHM,no-till fallow after sorghum,no-till fallow after sorghum,CROP,No-till,Pullman,Ustolls,Pullman,-102.093806,35.18025,469.126983642578,13.7299995422363
WashingtonState,ASP2-1,ASP2,SHM,ASP2,ASP,CROP,No-till,Palouse,Xerolls,Palouse,-117.0822114,46.78188975,567.93701171875,8.61989974975586
WashingtonState,ASP2-2,ASP2,SHM,ASP2,ASP,CROP,No-till,Palouse,Xerolls,Palouse,-117.0822114,46.78188975,567.93701171875,8.61989974975586
WashingtonState,ASP2-3,ASP2,SHM,ASP2,ASP,CROP,No-till,Palouse,Xerolls,Palouse,-117.0822114,46.78188975,567.93701171875,8.61989974975586
WashingtonState,BAU9-1,BAU9,BAU,BAU9,BAU,CROP,Till,Palouse,Xerolls,Palouse,-117.0822114,46.78188975,567.93701171875,8.61989974975586
WashingtonState,BAU9-2,BAU9,BAU,BAU9,BAU,CROP,Till,Palouse,Xerolls,Palouse,-117.0822114,46.78188975,567.93701171875,8.61989974975586
WashingtonState,BAU9-3,BAU9,BAU,BAU9,BAU,CROP,Till,Palouse,Xerolls,Palouse,-117.0822114,46.78188975,567.93701171875,8.61989974975586
WashingtonState,ASP10-1,ASP10,SHM,ASP10,ASP,CROP,No-till,Palouse,Xerolls,Palouse,-117.4595977,46.78836813,489.878997802734,9.63000011444092
WashingtonState,ASP10-2,ASP10,SHM,ASP10,ASP,CROP,No-till,Palouse,Xerolls,Palouse,-117.4595978,46.788368,489.878997802734,9.63000011444092
WashingtonState,ASP10-3,ASP10,SHM,ASP10,ASP,CROP,No-till,Palouse,Xerolls,Palouse,-117.4595972,46.78836851,489.878997802734,9.63000011444092
WashingtonState,ASP6-1,ASP6,SHM,ASP6,ASP,CROP,No-till,Palouse,Xerolls,Palouse,-117.0822114,46.78188975,567.93701171875,8.61989974975586
WashingtonState,ASP6-2,ASP6,SHM,ASP6,ASP,CROP,No-till,Palouse,Xerolls,Palouse,-117.0822114,46.78188975,567.93701171875,8.61989974975586
WashingtonState,ASP6-3,ASP6,SHM,ASP6,ASP,CROP,No-till,Palouse,Xerolls,Palouse,-117.0822114,46.78188975,567.93701171875,8.61989974975586
WashingtonState,BAU3-1,BAU3,BAU,BAU3,BAU,CROP,Till,Palouse,Xerolls,Palouse,-117.0822114,46.78188975,567.93701171875,8.61989974975586
WashingtonState,BAU3-2,BAU3,BAU,BAU3,BAU,CROP,Till,Palouse,Xerolls,Palouse,-117.4236809,46.74504916,493.412994384766,9.5398998260498
WashingtonState,BAU3-3,BAU3,BAU,BAU3,BAU,CROP,Till,Palouse,Xerolls,Palouse,-117.4236809,46.74504916,493.412994384766,9.5398998260498
WashingtonState,BAU8-1,BAU8,BAU,BAU8,BAU,CROP,Till,Palouse,Xerolls,Palouse,-117.4236809,46.74504916,493.412994384766,9.5398998260498
WashingtonState,BAU8-2,BAU8,BAU,BAU8,BAU,CROP,Till,Palouse,Xerolls,Palouse,-117.4236809,46.74504915,493.412994384766,9.5398998260498
WashingtonState,BAU8-3,BAU8,BAU,BAU8,BAU,CROP,Till,Palouse,Xerolls,Palouse,-117.4236808,46.74504922,493.412994384766,9.5398998260498
WashingtonState,PGL7-7a,PGL7,Ref,PGL7,PGL,GRASS,Perennial,Palouse,Xerolls,Palouse,-117.1998969,46.75739636,515.658996582031,8.73999977111816
WashingtonState,PGL7-7b,PGL7,Ref,PGL7,PGL,GRASS,Perennial,Palouse,Xerolls,Palouse,-117.1998969,46.75739636,515.658996582031,8.73999977111816
WashingtonState,PGL7-7c,PGL7,Ref,PGL7,PGL,GRASS,Perennial,Palouse,Xerolls,Palouse,-117.1998969,46.75739636,515.658996582031,8.73999977111816
WashingtonState,ASP9-1,ASP9,SHM,ASP9,ASP,CROP,No-till,Palouse,Xerolls,Palouse,-117.2000596,46.75757137,515.658996582031,8.73999977111816
WashingtonState,ASP9-2,ASP9,SHM,ASP9,ASP,CROP,No-till,Palouse,Xerolls,Palouse,-117.2000596,46.75757137,515.658996582031,8.73999977111816
WashingtonState,ASP9-3,ASP9,SHM,ASP9,ASP,CROP,No-till,Palouse,Xerolls,Palouse,-117.4236807,46.74504918,493.412994384766,9.5398998260498
WashingtonState,PGL9-1,PGL9,Ref,PGL9,PGL,GRASS,Perennial,Palouse,Xerolls,Palouse,-117.20006,46.75757146,515.658996582031,8.73999977111816
WashingtonState,PGL9-2,PGL9,Ref,PGL9,PGL,GRASS,Perennial,Palouse,Xerolls,Palouse,-117.1998969,46.75739636,515.658996582031,8.73999977111816
WashingtonState,PGL9-3,PGL9,Ref,PGL9,PGL,GRASS,Perennial,Palouse,Xerolls,Palouse,-117.1998969,46.75739636,515.658996582031,8.73999977111816
UnivOfMinnesota,CON-1,CON,BAU,conventional tillage (10cm tillage in Spring; 30cm tillage in fall). Soybean,"Eastern field, 150-acre section with grass waterway running from middle of W border to north-center of section",CROP,Till,Readlyn,Udolls,Readlyn,-92.845294,43.74768,908.68896484375,6.83999967575073
UnivOfMinnesota,CON-2,CON,BAU,conventional tillage (10cm tillage in Spring; 30cm tillage in fall). Soybean,"Eastern field, 150-acre section with grass waterway running from middle of W border to north-center of section",CROP,Till,Readlyn,Udolls,Marquis,-92.845601,43.747906,908.68896484375,6.83999967575073
UnivOfMinnesota,CON-3,CON,BAU,conventional tillage (10cm tillage in Spring; 30cm tillage in fall). Soybean,"Eastern field, 150-acre section with grass waterway running from middle of W border to north-center of section",CROP,Till,Readlyn,Udolls,Marquis,-92.844985,43.747593,908.68896484375,6.83999967575073
UnivOfMinnesota,CON-4,CON,BAU,conventional tillage (10cm tillage in Spring; 30cm tillage in fall). Soybean,"Eastern field, 150-acre section with grass waterway running from middle of W border to north-center of section",CROP,Till,Readlyn,Udolls,Marquis,-92.84107,43.750483,908.68896484375,6.83999967575073
UnivOfMinnesota,CON-5,CON,BAU,conventional tillage (10cm tillage in Spring; 30cm tillage in fall). Soybean,"Eastern field, 150-acre section with grass waterway running from middle of W border to north-center of section",CROP,Till,Readlyn,Udolls,Marquis,-92.84134,43.75062,908.68896484375,6.83999967575073
UnivOfMinnesota,CON-6,CON,BAU,conventional tillage (10cm tillage in Spring; 30cm tillage in fall). Soybean,"Eastern field, 150-acre section with grass waterway running from middle of W border to north-center of section",CROP,Till,Readlyn,Udolls,Marquis,-92.84078,43.75034,908.68896484375,6.83999967575073
UnivOfMinnesota,CON-7,CON,BAU,conventional tillage (10cm tillage in Spring; 30cm tillage in fall). Soybean,"Eastern field, 150-acre section with grass waterway running from middle of W border to north-center of section",CROP,Till,Readlyn,Udolls,Readlyn,-92.84329,43.75222,908.68896484375,6.83999967575073
UnivOfMinnesota,CON-8,CON,BAU,conventional tillage (10cm tillage in Spring; 30cm tillage in fall). Soybean,"Eastern field, 150-acre section with grass waterway running from middle of W border to north-center of section",CROP,Till,Readlyn,Udolls,Readlyn,-92.843677,43.75218,908.68896484375,6.83999967575073
UnivOfMinnesota,CON-9,CON,BAU,conventional tillage (10cm tillage in Spring; 30cm tillage in fall). Soybean,"Eastern field, 150-acre section with grass waterway running from middle of W border to north-center of section",CROP,Till,Readlyn,Udolls,Readlyn,-92.842882,43.752284,908.68896484375,6.83999967575073
UnivOfMinnesota,ALT-1,ALT,SHM,"No-till (cover crop, no-fertilizer). Soybean. Soybean","Western field, 50-acre section with grass waterway running south of field; bordered by hay",CROP,No-till,Marquis,Udolls,Marquis,-92.85464,43.74984,908.956970214844,6.8899998664856
UnivOfMinnesota,ALT-2,ALT,SHM,"No-till (cover crop, no-fertilizer). Soybean. Soybean","Western field, 50-acre section with grass waterway running south of field; bordered by hay",CROP,No-till,Marquis,Udolls,Marquis,-92.85499,43.74981,908.956970214844,6.8899998664856
UnivOfMinnesota,ALT-3,ALT,SHM,"No-till (cover crop, no-fertilizer). Soybean. Soybean","Western field, 50-acre section with grass waterway running south of field; bordered by hay",CROP,No-till,Marquis,Udolls,Marquis,-92.85457,43.74953,908.956970214844,6.8899998664856
UnivOfMinnesota,ALT-4,ALT,SHM,"No-till (cover crop, no-fertilizer). Soybean. Soybean","Western field, 50-acre section with grass waterway running south of field; bordered by hay",CROP,No-till,Marquis,Udolls,Readlyn,-92.85453,43.74922,908.956970214844,6.8899998664856
UnivOfMinnesota,ALT-5,ALT,SHM,"No-till (cover crop, no-fertilizer). Soybean. Soybean","Western field, 50-acre section with grass waterway running south of field; bordered by hay",CROP,No-till,Marquis,Udolls,Readlyn,-92.85467,43.74899,908.956970214844,6.8899998664856
UnivOfMinnesota,ALT-6,ALT,SHM,"No-till (cover crop, no-fertilizer). Soybean. Soybean","Western field, 50-acre section with grass waterway running south of field; bordered by hay",CROP,No-till,Marquis,Udolls,Readlyn,-92.85419,43.74893,908.956970214844,6.8899998664856
UnivOfMinnesota,ALT-7,ALT,SHM,"No-till (cover crop, no-fertilizer). Soybean. Soybean","Western field, 50-acre section with grass waterway running south of field; bordered by hay",CROP,No-till,Marquis,Udolls,Marquis,-92.85348,43.74876,908.841003417969,6.85999965667725
UnivOfMinnesota,ALT-8,ALT,SHM,"No-till (cover crop, no-fertilizer). Soybean. Soybean","Western field, 50-acre section with grass waterway running south of field; bordered by hay",CROP,No-till,Marquis,Udolls,Marquis,-92.85374,43.74855,908.841003417969,6.85999965667725
UnivOfMinnesota,ALT-9,ALT,SHM,"No-till (cover crop, no-fertilizer). Soybean. Soybean","Western field, 50-acre section with grass waterway running south of field; bordered by hay",CROP,No-till,Marquis,Udolls,Readlyn,-92.85341,43.749,908.841003417969,6.85999965667725
UnivOfMinnesota,REF-1,REF,Ref,Native rangeland,Undisturbed fencerow running W-E located at the southern edge of the CON field,RANGE,Perennial,Kenyon,Udolls,Kenyon,-92.845067,43.746917,908.68896484375,6.83999967575073
UnivOfMinnesota,REF-2,REF,Ref,Native rangeland,Undisturbed fencerow running W-E located at the southern edge of the CON field,RANGE,Perennial,Kenyon,Udolls,Kenyon,-92.8454,43.7469,908.68896484375,6.83999967575073
UnivOfMinnesota,REF-3,REF,Ref,Native rangeland,Undisturbed fencerow running W-E located at the southern edge of the CON field,RANGE,Perennial,Kenyon,Udolls,Kenyon,-92.84465,43.746883,908.68896484375,6.83999967575073
UnivOfMinnesota,REF-4,REF,Ref,Native rangeland,Undisturbed fencerow running W-E located at the southern edge of the CON field,RANGE,Perennial,Kenyon,Udolls,Kenyon,-92.84395,43.746883,908.68896484375,6.83999967575073
UnivOfMinnesota,REF-5,REF,Ref,Native rangeland,Undisturbed fencerow running W-E located at the southern edge of the CON field,RANGE,Perennial,Kenyon,Udolls,Kenyon,-92.844333,43.7469,908.68896484375,6.83999967575073
UnivOfMinnesota,REF-6,REF,Ref,Native rangeland,Undisturbed fencerow running W-E located at the southern edge of the CON field,RANGE,Perennial,Kenyon,Udolls,Kenyon,-92.8436,43.74685,908.68896484375,6.83999967575073
UnivOfMinnesota,REF-7,REF,Ref,Native rangeland,Undisturbed fencerow running W-E located at the southern edge of the CON field,RANGE,Perennial,Kenyon,Udolls,Kenyon,-92.843,43.74685,908.68896484375,6.83999967575073
UnivOfMinnesota,REF-8,REF,Ref,Native rangeland,Undisturbed fencerow running W-E located at the southern edge of the CON field,RANGE,Perennial,Kenyon,Udolls,Kenyon,-92.84325,43.7469,908.68896484375,6.83999967575073
UnivOfMinnesota,REF-9,REF,Ref,Native rangeland,Undisturbed fencerow running W-E located at the southern edge of the CON field,RANGE,Perennial,Kenyon,Udolls,Kenyon,-92.84265,43.746867,908.68896484375,6.83999967575073
OregonState,JoF1-1,JoF1,Ref,Forest,"Douglas fir trees 25-30 years old, McDonald Dunn Research Forest at Lewisburg Saddle.",FOREST,Perennial,Jory,Humults,NA,-123.2972812,44.6361175,1430.36193847656,10.8400001525879
OregonState,JoF1-2,JoF1,Ref,Forest,"Douglas fir trees 25-30 years old, McDonald Dunn Research Forest at Lewisburg Saddle.",FOREST,Perennial,Jory,Humults,NA,-123.2973802,44.6362175,1430.36193847656,10.8400001525879
OregonState,JoF1-3,JoF1,Ref,Forest,"Douglas fir trees 25-30 years old, McDonald Dunn Research Forest at Lewisburg Saddle.",FOREST,Perennial,Jory,Humults,NA,-123.2974823,44.6358175,1430.36193847656,10.8400001525879
OregonState,JoF2-1,JoF2,Ref,Forest,Douglas fir trees were last harvested 25 years ago,FOREST,Perennial,Jory,Humults,NA,-123.355451,44.918413,1427.63098144531,11.1499996185303
OregonState,JoF2-2,JoF2,Ref,Forest,Douglas fir trees were last harvested 25 years ago,FOREST,Perennial,Jory,Humults,NA,-123.355551,44.918544,1427.63098144531,11.1499996185303
OregonState,JoF2-3,JoF2,Ref,Forest,Douglas fir trees were last harvested 25 years ago,FOREST,Perennial,Jory,Humults,NA,-123.355451,44.918514,1427.63098144531,11.1499996185303
OregonState,WoNT1-1,WoNT1,SHM,No-till,Perennial rye grass planted in 2014 and not tilled since then. Grower reported irrigating approximately 2x per season.,CROP,No-till,Woodburn,Xerolls,NA,-123.27097,44.737333,1099.40295410156,11.6499996185303
OregonState,WoNT1-2,WoNT1,SHM,No-till,Perennial rye grass planted in 2014 and not tilled since then. Grower reported irrigating approximately 2x per season.,CROP,No-till,Woodburn,Xerolls,NA,-123.27107,44.737333,1099.40295410156,11.6499996185303
OregonState,WoNT1-3,WoNT1,SHM,No-till,Perennial rye grass planted in 2014 and not tilled since then. Grower reported irrigating approximately 2x per season.,CROP,No-till,Woodburn,Xerolls,NA,-123.27077,44.737633,1103.5009765625,11.5599994659424
OregonState,JoV1-1,JoV1,SHM,Vineyard,Rootstock was established over 10 years ago. Grasses and forbs are grown in rows in between as a cover crop; light discing occurs periodically but not annually.,CROP,Conservation,Jory,Humults,NA,-123.07116,45.24882,1227.9619140625,11.3299999237061
OregonState,JoV1-2,JoV1,SHM,Vineyard,Rootstock was established over 10 years ago. Grasses and forbs are grown in rows in between as a cover crop; light discing occurs periodically but not annually.,CROP,Conservation,Jory,Humults,NA,-123.07126,45.24882,1227.9619140625,11.3299999237061
OregonState,JoV1-3,JoV1,SHM,Vineyard,Rootstock was established over 10 years ago. Grasses and forbs are grown in rows in between as a cover crop; light discing occurs periodically but not annually.,CROP,Conservation,Jory,Humults,NA,-123.07096,45.24912,1227.9619140625,11.3299999237061
OregonState,WoH1-1,WoH1,Ref,Hazelnut,"Hazelnut orchard is about 30 years old, no ground cover evident. No tillage occurs now, but heavy equipment is often driven over the surface, especially for harvest.",ORCHARD,Perennial,Woodburn,Xerolls,NA,-122.96961,45.2279,1083.07189941406,11.8800001144409
OregonState,WoH1-2,WoH1,Ref,Hazelnut,"Hazelnut orchard is about 30 years old, no ground cover evident. No tillage occurs now, but heavy equipment is often driven over the surface, especially for harvest.",ORCHARD,Perennial,Woodburn,Xerolls,NA,-122.96961,45.2278,1083.07189941406,11.8800001144409
OregonState,WoH1-3,WoH1,Ref,Hazelnut,"Hazelnut orchard is about 30 years old, no ground cover evident. No tillage occurs now, but heavy equipment is often driven over the surface, especially for harvest.",ORCHARD,Perennial,Woodburn,Xerolls,NA,-122.96981,45.2279,1083.07189941406,11.8800001144409
OregonState,WoCT1-1,WoCT1,BAU,Conventional till,"Perennial ryegrass, tilled regularly (~2-3 years) to a depth of ~12 inches (30 cm)",CROP,Till,Woodburn,Xerolls,NA,-122.964818,45.231102,1080.23303222656,11.8800001144409
OregonState,WoCT1-2,WoCT1,BAU,Conventional till,"Perennial ryegrass, tilled regularly (~2-3 years) to a depth of ~12 inches (30 cm)",CROP,Till,Woodburn,Xerolls,NA,-122.964718,45.231202,1080.23303222656,11.8800001144409
OregonState,WoCT1-3,WoCT1,BAU,Conventional till,"Perennial ryegrass, tilled regularly (~2-3 years) to a depth of ~12 inches (30 cm)",CROP,Till,Woodburn,Xerolls,NA,-122.964618,45.231402,1080.23303222656,11.8800001144409
OregonState,WoNT2-1,WoNT2,SHM,No-till,"Orchard grass, 18 years with no tillage.",GRASS,No-till,Woodburn,Xerolls,NA,-123.21367,45.07067,1128.01098632812,11.8199996948242
OregonState,WoNT2-2,WoNT2,SHM,No-till,"Orchard grass, 18 years with no tillage.",GRASS,No-till,Woodburn,Xerolls,NA,-123.21377,45.07057,1128.01098632812,11.8199996948242
OregonState,WoNT2-3,WoNT2,SHM,No-till,"Orchard grass, 18 years with no tillage.",GRASS,No-till,Woodburn,Xerolls,NA,-123.21387,45.07097,1128.04699707031,11.8099994659424
OregonState,WoH2-1,WoH2,Ref,Hazelnut,"Mature hazelnut orchard, about 25 years old",ORCHARD,Perennial,Woodburn,Xerolls,NA,-123.213416,45.074334,1128.04699707031,11.8099994659424
OregonState,WoH2-2,WoH2,Ref,Hazelnut,"Mature hazelnut orchard, about 25 years old",ORCHARD,Perennial,Woodburn,Xerolls,NA,-123.213516,45.074334,1128.04699707031,11.8099994659424
OregonState,WoH2-3,WoH2,Ref,Hazelnut,"Mature hazelnut orchard, about 25 years old",ORCHARD,Perennial,Woodburn,Xerolls,NA,-123.213616,45.074334,1128.04699707031,11.8099994659424
OregonState,JoXT1-1,JoXT1,BAU,Christmas tree,"2-year-old Noble Fir trees planted one year ago. Site has been in Christmas trees since 1955. Used to rototill between rotations, but now limit tillage to some light discing. Left fallow for the summer before planting this crop, and some Sudan grass planted for a year before that.",CROP,Till,Jory,Humults,NA,-123.33523,44.4319,1131.23486328125,11.2799997329712
OregonState,JoXT1-2,JoXT1,BAU,Christmas tree,"2-year-old Noble Fir trees planted one year ago. Site has been in Christmas trees since 1955. Used to rototill between rotations, but now limit tillage to some light discing. Left fallow for the summer before planting this crop, and some Sudan grass planted for a year before that.",CROP,Till,Jory,Humults,NA,-123.33533,44.4318,1131.23486328125,11.2799997329712
OregonState,JoXT1-3,JoXT1,BAU,Christmas tree,"2-year-old Noble Fir trees planted one year ago. Site has been in Christmas trees since 1955. Used to rototill between rotations, but now limit tillage to some light discing. Left fallow for the summer before planting this crop, and some Sudan grass planted for a year before that.",CROP,Till,Jory,Humults,NA,-123.33503,44.4316,1131.23486328125,11.2799997329712
OregonState,JoF3-1,JoF3,Ref,Forest,"Weyerhauser 2nd growth timber, 24 years old. Minimally managed",FOREST,Perennial,Jory,Humults,NA,-123.41895,44.74261,1476.49792480469,11.1899995803833
OregonState,JoF3-2,JoF3,Ref,Forest,"Weyerhauser 2nd growth timber, 24 years old. Minimally managed",FOREST,Perennial,Jory,Humults,NA,-123.41905,44.74261,1476.49792480469,11.1899995803833
OregonState,JoF3-3,JoF3,Ref,Forest,"Weyerhauser 2nd growth timber, 24 years old. Minimally managed",FOREST,Perennial,Jory,Humults,NA,-123.41875,44.74261,1476.49792480469,11.1899995803833
OregonState,JoV2-1,JoV2,SHM,Vineyard,"18 years with same vines, ~1200/acre, 7’ spacing, all pinot noir. Planted to wheat and cherry beforehand. Disced and rototilled in early 2019 due to excessive voles, to about 2-4” in depth. Sprayed on 6/10 with micronized sulfur and a bacillus-based mold treatment. No irrigation at this site.",CROP,Conservation,Jory,Humults,NA,-123.049801,45.251054,1188.17395019531,11.710000038147
OregonState,JoV2-2,JoV2,SHM,Vineyard,"18 years with same vines, ~1200/acre, 7’ spacing, all pinot noir. Planted to wheat and cherry beforehand. Disced and rototilled in early 2019 due to excessive voles, to about 2-4” in depth. Sprayed on 6/10 with micronized sulfur and a bacillus-based mold treatment. No irrigation at this site.",CROP,Conservation,Jory,Humults,NA,-123.049901,45.250954,1188.17395019531,11.710000038147
OregonState,JoV2-3,JoV2,SHM,Vineyard,"18 years with same vines, ~1200/acre, 7’ spacing, all pinot noir. Planted to wheat and cherry beforehand. Disced and rototilled in early 2019 due to excessive voles, to about 2-4” in depth. Sprayed on 6/10 with micronized sulfur and a bacillus-based mold treatment. No irrigation at this site.",CROP,Conservation,Jory,Humults,NA,-123.049601,45.251354,1188.17395019531,11.710000038147
OregonState,JoXT2-1,JoXT2,BAU,Christmas tree,"9 years planted in noble fir. Prior to planting, was tilled to 25 cm, limed, and left fallow for 1 year with a sudangrass cover crop.",CROP,Till,Jory,Humults,NA,-123.13708,45.04997,1312.6259765625,10.8000001907349
OregonState,JoXT2-2,JoXT2,BAU,Christmas tree,"9 years planted in noble fir. Prior to planting, was tilled to 25 cm, limed, and left fallow for 1 year with a sudangrass cover crop.",CROP,Till,Jory,Humults,NA,-123.13718,45.04987,1312.6259765625,10.8000001907349
OregonState,JoXT2-3,JoXT2,BAU,Christmas tree,"9 years planted in noble fir. Prior to planting, was tilled to 25 cm, limed, and left fallow for 1 year with a sudangrass cover crop.",CROP,Till,Jory,Humults,NA,-123.13688,45.04997,1312.6259765625,10.8000001907349
OregonState,JoXT3-1,JoXT3,BAU,Christmas tree,"Property bought in 2015 by landowner, planted in noble fir in 2016 at the location of the pit. Some grand fir and Douglas-fir observed in other parts of plot.",CROP,Till,Jory,Humults,NA,-122.90909,44.910377,1183.08081054688,11.4799995422363
OregonState,JoXT3-2,JoXT3,BAU,Christmas tree,"Property bought in 2015 by landowner, planted in noble fir in 2016 at the location of the pit. Some grand fir and Douglas-fir observed in other parts of plot.",CROP,Till,Jory,Humults,NA,-122.90899,44.910277,1183.08081054688,11.4799995422363
OregonState,JoXT3-3,JoXT3,BAU,Christmas tree,"Property bought in 2015 by landowner, planted in noble fir in 2016 at the location of the pit. Some grand fir and Douglas-fir observed in other parts of plot.",CROP,Till,Jory,Humults,NA,-122.90889,44.910077,1183.08081054688,11.4799995422363
OregonState,JoV3-1,JoV3,SHM,Vineyard,"Pinot noir plot with 1210 vines/acre, planted in 2006. Disced to ~10 cm annually, planted with cover crop to stress vines. Every 8th row planted with wildflowers to attract pollinators.",CROP,Conservation,Jory,Humults,NA,-123.130763,45.037101,1205.05993652344,11.2199993133545
OregonState,JoV3-2,JoV3,SHM,Vineyard,"Pinot noir plot with 1210 vines/acre, planted in 2006. Disced to ~10 cm annually, planted with cover crop to stress vines. Every 8th row planted with wildflowers to attract pollinators.",CROP,Conservation,Jory,Humults,NA,-123.130863,45.037201,1205.05993652344,11.2199993133545
OregonState,JoV3-3,JoV3,SHM,Vineyard,"Pinot noir plot with 1210 vines/acre, planted in 2006. Disced to ~10 cm annually, planted with cover crop to stress vines. Every 8th row planted with wildflowers to attract pollinators.",CROP,Conservation,Jory,Humults,NA,-123.130563,45.037101,1205.05993652344,11.2199993133545
OregonState,WoH3-1,WoH3,Ref,Hazelnut,"Hazelnut orchard planted in 1976. The understory was completely depauperate, partially due to periodic spraying for weeds. There were some trees affected by hazelnut blight, and the orchard was treated with lime in 2014",ORCHARD,Perennial,Woodburn,Xerolls,NA,-122.86279,44.94845,1122.87292480469,11.8199996948242
OregonState,WoH3-2,WoH3,Ref,Hazelnut,"Hazelnut orchard planted in 1976. The understory was completely depauperate, partially due to periodic spraying for weeds. There were some trees affected by hazelnut blight, and the orchard was treated with lime in 2014",ORCHARD,Perennial,Woodburn,Xerolls,NA,-122.86289,44.94855,1122.87292480469,11.8199996948242
OregonState,WoH3-3,WoH3,Ref,Hazelnut,"Hazelnut orchard planted in 1976. The understory was completely depauperate, partially due to periodic spraying for weeds. There were some trees affected by hazelnut blight, and the orchard was treated with lime in 2014",ORCHARD,Perennial,Woodburn,Xerolls,NA,-122.86259,44.94815,1122.87292480469,11.8199996948242
OregonState,WoCT2-1,WoCT2,BAU,Conventional till,"Perennial ryegrass, planted in 2016. It was planted to onions beforehand. The ryegrass typically stays in for 3 years.  Then the grower row crops the ground for 2-3 years, and the max depth they reach is 18”.",CROP,Till,Woodburn,Xerolls,NA,-122.842842,45.014134,1114.06896972656,11.8899993896484
OregonState,WoCT2-2,WoCT2,BAU,Conventional till,"Perennial ryegrass, planted in 2016. It was planted to onions beforehand. The ryegrass typically stays in for 3 years.  Then the grower row crops the ground for 2-3 years, and the max depth they reach is 18”.",CROP,Till,Woodburn,Xerolls,NA,-122.842742,45.014034,1114.06896972656,11.8899993896484
OregonState,WoCT2-3,WoCT2,BAU,Conventional till,"Perennial ryegrass, planted in 2016. It was planted to onions beforehand. The ryegrass typically stays in for 3 years.  Then the grower row crops the ground for 2-3 years, and the max depth they reach is 18”.",CROP,Till,Woodburn,Xerolls,NA,-122.843042,45.013834,1114.06896972656,11.8899993896484
OregonState,WoCT3-1,WoCT3,BAU,Conventional till,Perennial ryegrass field planted in 2016. Tilled to corn and peas beforehand.,CROP,Till,Woodburn,Xerolls,NA,-123.06167,45.1251,1089.77001953125,11.8499994277954
OregonState,WoCT3-2,WoCT3,BAU,Conventional till,Perennial ryegrass field planted in 2016. Tilled to corn and peas beforehand.,CROP,Till,Woodburn,Xerolls,NA,-123.06201,45.1251,1089.77001953125,11.8499994277954
OregonState,WoCT3-3,WoCT3,BAU,Conventional till,Perennial ryegrass field planted in 2016. Tilled to corn and peas beforehand.,CROP,Till,Woodburn,Xerolls,NA,-123.06134,45.1248,1089.77001953125,11.8499994277954
OregonState,WoNT3-1,WoNT3,SHM,No-till,"Planted in 2012 to tall fescue, per the farmer. He also indicates that the field is non-irrigated and that they take extra care to reduce disturbance to the soil whenever possible.",CROP,No-till,Woodburn,Xerolls,NA,-122.856544,44.950981,1134.88098144531,11.7699995040894
OregonState,WoNT3-2,WoNT3,SHM,No-till,"Planted in 2012 to tall fescue, per the farmer. He also indicates that the field is non-irrigated and that they take extra care to reduce disturbance to the soil whenever possible.",CROP,No-till,Woodburn,Xerolls,NA,-122.856644,44.950981,1134.88098144531,11.7699995040894
OregonState,WoNT3-3,WoNT3,SHM,No-till,"Planted in 2012 to tall fescue, per the farmer. He also indicates that the field is non-irrigated and that they take extra care to reduce disturbance to the soil whenever possible.",CROP,No-till,Woodburn,Xerolls,NA,-122.856744,44.950981,1134.88098144531,11.7699995040894
Illinois,IL-115-SW-WDFLD-001,IL-115-SW-WDFLD,BAU,Organic,Organically managed in a corn-soybean-small grains rotation with cover crops established prior to corn,CROP,Till,Drummer,Aquolls,Drummer,-88.798131,39.866062,990.943969726562,11.5599994659424
Illinois,IL-115-SW-WDFLD-002,IL-115-SW-WDFLD,BAU,Organic,Organically managed in a corn-soybean-small grains rotation with cover crops established prior to corn,CROP,Till,Drummer,Aquolls,Drummer,-88.799917,39.865395,990.943969726562,11.5599994659424
Illinois,IL-115-SW-WDFLD-003,IL-115-SW-WDFLD,BAU,Organic,Organically managed in a corn-soybean-small grains rotation with cover crops established prior to corn,CROP,Till,Drummer,Aquolls,Drummer,-88.798039,39.868482,990.943969726562,11.5599994659424
Illinois,IL-115-SW-ETAL-001,IL-115-SW-ETAL,BAU,Organic,Organically managed in a corn-soybean-small grains rotation with cover crops established prior to corn,CROP,Till,Drummer,Aquolls,Drummer,-88.745608,39.895068,992.936950683594,11.4399995803833
Illinois,IL-115-SW-ETAL-002,IL-115-SW-ETAL,BAU,Organic,Organically managed in a corn-soybean-small grains rotation with cover crops established prior to corn,CROP,Till,Drummer,Aquolls,Drummer,-88.746645,39.895384,992.568969726562,11.460000038147
Illinois,IL-115-SW-ETAL-003,IL-115-SW-ETAL,BAU,Organic,Organically managed in a corn-soybean-small grains rotation with cover crops established prior to corn,CROP,Till,Drummer,Aquolls,Dana,-88.746587,39.90146,991.560974121094,11.5199995040894
Illinois,IL-147-SW-TS-001,IL-147-SW-TS,BAU,Conventional,Conventionally managed field in a corn-soybean rotation with cover crops established prior to corn,CROP,Till,Drummer,Aquolls,Drummer,-88.700021,39.876683,997.159973144531,11.5299997329712
Illinois,IL-147-SW-TS-002,IL-147-SW-TS,BAU,Conventional,Conventionally managed field in a corn-soybean rotation with cover crops established prior to corn,CROP,Till,Drummer,Aquolls,Drummer,-88.700776,39.878541,997.159973144531,11.5299997329712
Illinois,IL-147-SW-TS-003,IL-147-SW-TS,BAU,Conventional,Conventionally managed field in a corn-soybean rotation with cover crops established prior to corn,CROP,Till,Drummer,Aquolls,Drummer,-88.705988,39.878261,996.758972167969,11.5299997329712
Illinois,IL-147-SW-CRP-001,IL-147-SW-CRP,BAU,Conventional,Conventionally managed field in a corn-soybean rotation with cover crops established prior to corn,CROP,Till,Drummer,Aquolls,Drummer,-88.743611,39.895694,992.936950683594,11.4399995803833
Illinois,IL-147-SW-CRP-002,IL-147-SW-CRP,BAU,Conventional,Conventionally managed field in a corn-soybean rotation with cover crops established prior to corn,CROP,Till,Drummer,Aquolls,Flanagan,-88.743611,39.896889,991.81396484375,11.5
Illinois,IL-147-SW-CRP-003,IL-147-SW-CRP,BAU,Conventional,Conventionally managed field in a corn-soybean rotation with cover crops established prior to corn,CROP,Till,Drummer,Aquolls,Dana,-88.743333,39.898194,991.81396484375,11.5
Illinois,IL-019-SW-ARBRTM-001,IL-019-SW-ARBRTM,Ref,Ref,Restored since 1990,FOREST,Perennial,Drummer,Aquolls,Drummer,-88.216396,40.0916401,1011.82995605469,11.0398998260498
Illinois,IL-019-SW-ARBRTM-002,IL-019-SW-ARBRTM,Ref,Ref,Restored since 1990,FOREST,Perennial,Drummer,Aquolls,Drummer,-88.2161899,40.0918033,1011.82995605469,11.0398998260498
Illinois,IL-019-SW-ARBRTM-003,IL-019-SW-ARBRTM,Ref,Ref,Restored since 1990,FOREST,Perennial,Drummer,Aquolls,Drummer,-88.2159005,40.0914285,1011.82995605469,11.0398998260498
Illinois,IL-019-SW-RTHRML-001,IL-019-SW-RTHRML,SHM,NT,No-Till managed with corn-soybean rotations,CROP,No-till,Drummer,Aquolls,Drummer,-88.0238,39.9295,1007.33294677734,11.2299995422363
Illinois,IL-019-SW-RTHRML-002,IL-019-SW-RTHRML,SHM,NT,No-Till managed with corn-soybean rotations,CROP,No-till,Drummer,Aquolls,Drummer,-88.0238,39.9295,1007.33294677734,11.2299995422363
Illinois,IL-019-SW-RTHRML-003,IL-019-SW-RTHRML,SHM,NT,No-Till managed with corn-soybean rotations,CROP,No-till,Drummer,Aquolls,Flanagan,-88.0275783,39.9254322,1007.60894775391,11.25
Illinois,IL-019-SW-RTHRML-004,IL-019-SW-RTHRML,SHM,NT,No-Till managed with corn-soybean rotations,CROP,No-till,Drummer,Aquolls,Flanagan,-88.0275783,39.9254322,1007.60894775391,11.25
Illinois,IL-115-SW-WDFLD-001A,IL-115-SW-WDFLD,BAU,Organic,Organically managed in a corn-soybean-small grains rotation with cover crops established prior to corn,CROP,Till,Drummer,Aquolls,Drummer,-88.798131,39.866062,990.943969726562,11.5599994659424
Illinois,IL-115-SW-ETAL-001A,IL-115-SW-ETAL,BAU,Organic,Organically managed in a corn-soybean-small grains rotation with cover crops established prior to corn,CROP,Till,Drummer,Aquolls,Drummer,-88.745608,39.895068,992.936950683594,11.4399995803833
Illinois,IL-147-SW-TS-003A,IL-147-SW-TS,BAU,Conventional,Conventionally managed field in a corn-soybean rotation with cover crops established prior to corn,CROP,Till,Drummer,Aquolls,Drummer,-88.705988,39.878261,996.758972167969,11.5299997329712
Illinois,IL-147-SW-CRP-001A,IL-147-SW-CRP,BAU,Conventional,Conventionally managed field in a corn-soybean rotation with cover crops established prior to corn,CROP,Till,Drummer,Aquolls,Drummer,-88.743611,39.895694,992.936950683594,11.4399995803833
Illinois,IL-019-SW-RTHRML-001A,IL-019-SW-RTHRML,SHM,NT,No-Till managed with corn-soybean rotations,CROP,No-till,Drummer,Aquolls,Drummer,-88.0238,39.9295,1007.33294677734,11.2299995422363
Illinois,IL-019-SW-RTHRML-004A,IL-019-SW-RTHRML,SHM,NT,No-Till managed with corn-soybean rotations,CROP,No-till,Drummer,Aquolls,Flanagan,-88.027589,39.92541,1007.60894775391,11.25
UTRGV,AX1-1,AX1,BAU,Conventional Till,"Conventional tillage with a sorghum, sesame, cotton rotation",CROP,Till,Hidalgo,Ustolls,NA,-97.86129,26.37183,646.9169921875,23.6700000762939
UTRGV,AX1-2,AX1,BAU,Conventional Till,"Conventional tillage with a sorghum, sesame, cotton rotation",CROP,Till,Hidalgo,Ustolls,NA,-97.861285,26.376803,646.9169921875,23.6700000762939
UTRGV,AX1-3,AX1,BAU,Conventional Till,"Conventional tillage with a sorghum, sesame, cotton rotation",CROP,Till,Hidalgo,Ustolls,NA,-97.861396,26.381147,648.070007324219,23.6700000762939
UTRGV,AX2-1,AX2,BAU,Conventional Till,"Conventional tillage with a cotton, sorghum rotation",CROP,Till,Hidalgo,Ustolls,NA,-97.860439,26.372257,646.9169921875,23.6700000762939
UTRGV,AX2-2,AX2,BAU,Conventional Till,"Conventional tillage with a cotton, sorghum rotation",CROP,Till,Hidalgo,Ustolls,NA,-97.854799,26.372359,646.9169921875,23.6700000762939
UTRGV,AX2-3,AX2,BAU,Conventional Till,"Conventional tillage with a cotton, sorghum rotation",CROP,Till,Hidalgo,Ustolls,NA,-97.841816,26.372348,648.760986328125,23.6599998474121
UTRGV,AX3-1,AX3,BAU,Conventional Till,"Conventional tillage with a cotton, corn, and sorghum rotation",CROP,Till,Hidalgo,Ustolls,NA,-97.845711,26.449237,660.111999511719,23.5999984741211
UTRGV,AX3-2,AX3,BAU,Conventional Till,"Conventional tillage with a cotton, corn, and sorghum rotation",CROP,Till,Hidalgo,Ustolls,NA,-97.84310718,26.45138326,660.111999511719,23.5999984741211
UTRGV,AX3-3,AX3,BAU,Conventional Till,"Conventional tillage with a cotton, corn, and sorghum rotation",CROP,Till,Hidalgo,Ustolls,NA,-97.842418,26.451224,660.111999511719,23.5999984741211
UTRGV,AY1-1,AY1,BAU,Intermittent Till,"Strip tillage for 2 years, followed by return to conventional till for herbicide resistant weed management. Sorghum/cotton rotation.",CROP,Till,Hidalgo,Ustolls,NA,-97.87775,26.429164,652.555969238281,23.6499996185303
UTRGV,AY1-2,AY1,BAU,Intermittent Till,"Strip tillage for 2 years, followed by return to conventional till for herbicide resistant weed management. Sorghum/cotton rotation.",CROP,Till,Hidalgo,Ustolls,NA,-97.876675,26.428431,652.555969238281,23.6499996185303
UTRGV,AY1-3,AY1,BAU,Intermittent Till,"Strip tillage for 2 years, followed by return to conventional till for herbicide resistant weed management. Sorghum/cotton rotation.",CROP,Till,Hidalgo,Ustolls,NA,-97.878012,26.423498,652.555969238281,23.6499996185303
UTRGV,AY2-1,AY2,BAU,Intermittent Till,"Strip tillage for 3 years, followed by return to conventional till for herbicide resistant weed management. Sorghum/cotton rotation.",CROP,Till,Hidalgo,Ustolls,NA,-97.87736,26.417867,651.169982910156,23.6499996185303
UTRGV,AY2-2,AY2,BAU,Intermittent Till,"Strip tillage for 3 years, followed by return to conventional till for herbicide resistant weed management. Sorghum/cotton rotation.",CROP,Till,Hidalgo,Ustolls,NA,-97.877546,26.408338,649.755981445312,23.6499996185303
UTRGV,AY2-3,AY2,BAU,Intermittent Till,"Strip tillage for 3 years, followed by return to conventional till for herbicide resistant weed management. Sorghum/cotton rotation.",CROP,Till,Hidalgo,Ustolls,NA,-97.867819,26.408107,651.102905273438,23.6499996185303
UTRGV,AY3-1,AY3,BAU,Intermittent Till,"Strip tillage for 2 years, followed by return to conventional till for herbicide resistant weed management. Sorghum/cotton rotation.",CROP,Till,Hidalgo,Ustolls,NA,-97.894115,26.378011,642.989990234375,23.6800003051758
UTRGV,AY3-2,AY3,BAU,Intermittent Till,"Strip tillage for 2 years, followed by return to conventional till for herbicide resistant weed management. Sorghum/cotton rotation.",CROP,Till,Hidalgo,Ustolls,NA,-97.882158,26.371559,644.010009765625,23.6800003051758
UTRGV,AY3-3,AY3,BAU,Intermittent Till,"Strip tillage for 2 years, followed by return to conventional till for herbicide resistant weed management. Sorghum/cotton rotation.",CROP,Till,Hidalgo,Ustolls,NA,-97.881485,26.371856,644.010009765625,23.6800003051758
UTRGV,AZ1-1,AZ1,BAU,Strip Till,Strip tillage for 4 years with a cotton/sorghum rotation.,CROP,Till,Hidalgo,Ustolls,NA,-97.814156,26.442916,661.257995605469,23.5900001525879
UTRGV,AZ1-2,AZ1,BAU,Strip Till,Strip tillage for 4 years with a cotton/sorghum rotation.,CROP,Till,Hidalgo,Ustolls,NA,-97.81413,26.440373,661.257995605469,23.5900001525879
UTRGV,AZ1-3,AZ1,BAU,Strip Till,Strip tillage for 4 years with a cotton/sorghum rotation.,CROP,Till,Hidalgo,Ustolls,NA,-97.814157,26.441954,661.257995605469,23.5900001525879
UTRGV,AZ2-1,AZ2,BAU,Strip Till,Strip tillage for 3 years with a cotton/sorghum rotation.,CROP,Till,Hidalgo,Ustolls,NA,-97.857232,26.358343,645.055969238281,23.6700000762939
UTRGV,AZ2-2,AZ2,BAU,Strip Till,Strip tillage for 3 years with a cotton/sorghum rotation.,CROP,Till,Hidalgo,Ustolls,NA,-97.846311,26.358388,645.839965820312,23.6700000762939
UTRGV,AZ2-3,AZ2,BAU,Strip Till,Strip tillage for 3 years with a cotton/sorghum rotation.,CROP,Till,Hidalgo,Ustolls,NA,-97.85824,26.36504,645.898010253906,23.6800003051758
UTRGV,AZ3-1,AZ3,BAU,Strip Till,"Strip tillage for 6 years with a cotton/sorghum rotation, Sunn hemp cover crop 1 year before sampling.",CROP,Till,Hidalgo,Ustolls,NA,-97.852623,26.389298,650.464965820312,23.6499996185303
UTRGV,AZ3-2,AZ3,BAU,Strip Till,"Strip tillage for 6 years with a cotton/sorghum rotation, Sunn hemp cover crop 1 year before sampling.",CROP,Till,Hidalgo,Ustolls,NA,-97.852666,26.387731,650.464965820312,23.6499996185303
UTRGV,AZ3-3,AZ3,BAU,Strip Till,"Strip tillage for 6 years with a cotton/sorghum rotation, Sunn hemp cover crop 1 year before sampling.",CROP,Till,Hidalgo,Ustolls,NA,-97.849146,26.387833,650.464965820312,23.6499996185303
UTRGV,AR2-1,AR2,Ref,Reference,"Native treeline composed of mesquite, hackberry, anacua and others. No major disturbances in over 50 years.",FOREST,Perennial,Hidalgo,Ustolls,NA,-98.203663,26.309166,568.583862304688,23.8899993896484
UTRGV,AR2-2,AR2,Ref,Reference,"Native treeline composed of mesquite, hackberry, anacua and others. No major disturbances in over 50 years.",FOREST,Perennial,Hidalgo,Ustolls,NA,-98.20307,26.30907954,568.583862304688,23.8899993896484
UTRGV,AR2-3,AR2,Ref,Reference,"Native treeline composed of mesquite, hackberry, anacua and others. No major disturbances in over 50 years.",FOREST,Perennial,Hidalgo,Ustolls,NA,-98.202272,26.30896,568.583862304688,23.8899993896484
UTRGV,AR3-1,AR3,Ref,Reference,"Native treeline composed of mesquite, Texas ebony, and others. Undisturbed in landowner's memory (60+ year). Area catches sand deposited by strong winds.",FOREST,Perennial,Hidalgo,Ustolls,NA,-97.865571,26.425936,654.02197265625,23.6499996185303
UTRGV,AR3-2,AR3,Ref,Reference,"Native treeline composed of mesquite, Texas ebony, and others. Undisturbed in landowner's memory (60+ year). Area catches sand deposited by strong winds.",FOREST,Perennial,Hidalgo,Ustolls,NA,-97.86555,26.42575,654.02197265625,23.6499996185303
UTRGV,AR3-3,AR3,Ref,Reference,"Native treeline composed of mesquite, Texas ebony, and others. Undisturbed in landowner's memory (60+ year). Area catches sand deposited by strong winds.",FOREST,Perennial,Hidalgo,Ustolls,NA,-97.863987,26.425912,654.02197265625,23.6499996185303
UConn,PaN1-1,PaN1,SHM,No-till silage corn,"A area plots (Peters' plots) at Uconn Agriculture Research Farm, Storrs, CT, no-till, no manure",CROP,No-till,Woodbridge,Udepts,Woodbridge,-72.22985,41.797167,1246.86401367188,9.42999935150146
UConn,PaT1-1,PaT1,BAU,Conv till silage corn,"A area plots (Peters' plots) at UConn agriculture Research farm, Storrs, CT, conventional till, no manure",CROP,Till,Woodbridge,Udepts,Woodbridge,-72.229722,41.79725,1246.86401367188,9.42999935150146
UConn,PaT1-2,PaT1,BAU,Conv till silage corn,"A area plots (Peters' plots) at UConn agriculture Research farm, Storrs, CT, conventional till, no manure",CROP,Till,Woodbridge,Udepts,Woodbridge,-72.2300556,41.797389,1246.86401367188,9.42999935150146
UConn,PaN1-2,PaN1,SHM,No-till silage corn,"A area plots (Peters' plots) at Uconn Agriculture Research Farm, Storrs, CT, no-till, no manure",CROP,No-till,Woodbridge,Udepts,Woodbridge,-72.23025,41.7975278,1246.86401367188,9.42999935150146
UConn,PaN1-3,PaN1,SHM,No-till silage corn,"A area plots (Peters' plots) at Uconn Agriculture Research Farm, Storrs, CT, no-till, no manure",CROP,No-till,Woodbridge,Udepts,Woodbridge,-72.2305556,41.79775,1246.86401367188,9.42999935150146
UConn,PaT1-3,PaT1,BAU,Conv till silage corn,"A area plots (Peters' plots) at UConn agriculture Research farm, Storrs, CT, conventional till, no manure",CROP,Till,Woodbridge,Udepts,Woodbridge,-72.2303333,41.7975833,1246.86401367188,9.42999935150146
UConn,PaM1-1,PaM1,Ref,Managed forest,"UConn forest east of Horsebarn Hill, Storrs, CT, Stand D, oak/ hickory upland hardwoof, thinned 2013",FOREST,Perennial,Canton,Udepts,Canton,-72.23745,41.8184833,1246.21301269531,9.67999935150146
UConn,PaM1-2,PaM1,Ref,Managed forest,"UConn forest east of Horsebarn Hill, Storrs, CT, Stand D, oak/ hickory upland hardwoof, thinned 2013",FOREST,Perennial,Canton,Udepts,Canton,-72.2377833,41.8185,1246.03100585938,9.51000022888184
UConn,PaU1-1,PaU1,Ref,Unmanaged forest,"UConn forest east of Horsebarn Hill, Storrs, CT, Stand C, oak/ hickory upland hardwood, no recent management",FOREST,Perennial,Woodbridge,Udepts,Woodbridge,-72.2388333,41.8184333,1246.03100585938,9.51000022888184
UConn,PaU1-2,PaU1,Ref,Unmanaged forest,"UConn forest east of Horsebarn Hill, Storrs, CT, Stand C, oak/ hickory upland hardwood, no recent management",FOREST,Perennial,Woodbridge,Udepts,Woodbridge,-72.238939,41.818491,1246.03100585938,9.51000022888184
UConn,PaM2-1,PaM2,SHM,Managed forest,"UConn forest east of Horsebarn Hill, Storrs, CT, Stand B, ash-dominated, thinned 2013",FOREST,Perennial,Woodbridge,Udepts,Woodbridge,-72.25135,41.8207833,1245.57397460938,9.39999961853027
UConn,PaM2-2,PaM2,SHM,Managed forest,"UConn forest east of Horsebarn Hill, Storrs, CT, Stand B, ash-dominated, thinned 2013",FOREST,Perennial,Woodbridge,Udepts,Woodbridge,-72.2543056,41.821,1245.8369140625,9.38999938964844
UConn,PaU2-1,PaU2,Ref,Unmanaged forest,"UConn forest east of Horsebarn Hill, Storrs, CT, Stand A, ash- dominated, no recent management",FOREST,Perennial,Woodbridge,Udepts,Woodbridge,-72.2532778,41.8216111,1246.14892578125,9.48999977111816
UConn,PaU2-2,PaU2,Ref,Unmanaged forest,"UConn forest east of Horsebarn Hill, Storrs, CT, Stand A, ash- dominated, no recent management",FOREST,Perennial,Woodbridge,Udepts,Woodbridge,-72.25333,41.82161667,1246.14892578125,9.48999977111816
UConn,PaL1-1,PaL1,SHM,Lawn,"Will Ouimet residential lawn, Mansfield, CT",GRASS,No-till,Woodbridge,Udepts,Woodbridge,-72.188333,41.7995278,1247.126953125,9.69999980926514
UConn,PaL1-2,PaL1,SHM,Lawn,"Will Ouimet residential lawn, Mansfield, CT",GRASS,No-till,Woodbridge,Udepts,Woodbridge,-72.18838889,41.7995556,1247.126953125,9.69999980926514
UConn,PaL2-1,PaL2,SHM,Lawn,"Nels Barrett residential lawn, Mansfield, CT",GRASS,No-till,Canton,Udepts,Canton,-72.189595,41.800011,1247.126953125,9.69999980926514
UConn,PaL2-2,PaL2,SHM,Lawn,"Nels Barrett residential lawn, Mansfield, CT",GRASS,No-till,Canton,Udepts,Canton,-72.1895,41.80006,1247.126953125,9.69999980926514
UConn,PaH1-1,PaH1,SHM,Hayland,"Valleyside hayfield, Woodstock, CT",GRASS,No-till,Montauk,Udepts,Montauk,-71.9745277,41.9655,1273.46301269531,9.44999980926514
UConn,PaH1-2,PaH1,SHM,Hayland,"Valleyside hayfield, Woodstock, CT",GRASS,No-till,Montauk,Udepts,Montauk,-71.9745556,41.96552778,1273.46301269531,9.44999980926514
UConn,PaN2-1,PaN2,SHM,No-till silage corn,"Valleyside Farm, Woodstock, CT, corn, occasionally no-till, with manure",CROP,No-till,Montauk,Udepts,Montauk,-71.9746667,41.9655556,1273.46301269531,9.44999980926514
UConn,PaN2-2,PaN2,SHM,No-till silage corn,"Valleyside Farm, Woodstock, CT, corn, occasionally no-till, with manure",CROP,No-till,Montauk,Udepts,Montauk,-71.97463889,41.9654722,1273.46301269531,9.44999980926514
UConn,PaN2-3,PaN2,SHM,No-till silage corn,"Valleyside Farm, Woodstock, CT, corn, occasionally no-till, with manure",CROP,No-till,Montauk,Udepts,Montauk,-71.9746667,41.96552778,1273.46301269531,9.44999980926514
UConn,PaH2-1,PaH2,SHM,Hayland,"Mountain Dairy farm, Mansfield, CT, hayfield",GRASS,No-till,Woodbridge,Udepts,Woodbridge,-72.2346389,41.7541111,1248.73291015625,9.52999973297119
UConn,PaH2-2,PaH2,SHM,Hayland,"Mountain Dairy farm, Mansfield, CT, hayfield",GRASS,No-till,Woodbridge,Udepts,Woodbridge,-72.2345833,41.7541389,1248.73291015625,9.52999973297119
UConn,PaT2-1,PaT2,BAU,Conv till silage corn,"Mountain Dairy farm, Mansfield, CT, corn field, conventional till, with manure",CROP,Till,Woodbridge,Udepts,Woodbridge,-72.2351944,41.7537778,1248.73291015625,9.52999973297119
UConn,PaT2-2,PaT2,BAU,Conv till silage corn,"Mountain Dairy farm, Mansfield, CT, corn field, conventional till, with manure",CROP,Till,Woodbridge,Udepts,Woodbridge,-72.2351833,41.7538,1248.73291015625,9.52999973297119
UConn,PaT2-3,PaT2,BAU,Conv till silage corn,"Mountain Dairy farm, Mansfield, CT, corn field, conventional till, with manure",CROP,Till,Woodbridge,Udepts,Woodbridge,-72.23521667,41.7537833,1248.73291015625,9.52999973297119
