project,label,dsp_plot_id,dsp_pedon_id,dsp_sample_id,layer_no,hzdesg,hrzdep_t,hrzdep_b,soc_fill,bd_hybrid
KansasState,BAU,KeC1,KeC1-1,KeC1-1-1,1,Ap1,0,5,2.17,1.11023909
KansasState,BAU,KeC1,KeC1-1,KeC1-1-2,2,Ap1,5,10,1.9,1.420685092
KansasState,BAU,KeC1,KeC1-1,KeC1-1-3,3,Ap2,10,23,1.61,1.269239791
KansasState,BAU,KeC1,KeC1-1,KeC1-1-4,4,Bt1,23,36,1.14,1.277334863
KansasState,BAU,KeC1,KeC1-1,KeC1-1-5,5,Bt2,36,54,0.78,1.324462422
KansasState,BAU,KeC1,KeC1-1,KeC1-1-6,6,Btk1,54,69,0.6,1.403438092
KansasState,BAU,KeC1,KeC1-1,KeC1-1-7,7,Btk2,69,87,0.83,1.287678566
KansasState,BAU,KeC1,KeC1-1,KeC1-1-8,8,Bk,87,100,0.53,1.111048597
KansasState,BAU,KeC1,KeC1-2,KeC1-2-1,1,Ap,0,5,2.1,1.268092989
KansasState,BAU,KeC1,KeC1-2,KeC1-2-2,2,Ap,5,10,1.74,1.313695227
KansasState,BAU,KeC1,KeC1-2,KeC1-2-3,3,A,10,25,1.15,1.305217888
KansasState,BAU,KeC1,KeC1-2,KeC1-2-4,4,Bt1,25,36,0.75,1.313456054
KansasState,BAU,KeC1,KeC1-2,KeC1-2-5,5,Bt2,36,59,0.59,1.327269137
KansasState,BAU,KeC1,KeC1-2,KeC1-2-6,6,Btk,59,78,0.64,1.201212785
KansasState,BAU,KeC1,KeC1-2,KeC1-2-7,7,Bk,78,100,0.7,1.077273137
KansasState,BAU,KeC1,KeC1-3,KeC1-3-1,1,Ap1,0,5,2.12,0.989217767
KansasState,BAU,KeC1,KeC1-3,KeC1-3-2,2,Ap1,5,10,1.78,1.182150311
KansasState,BAU,KeC1,KeC1-3,KeC1-3-3,3,Ap2,10,24,1.41,1.181085423
KansasState,BAU,KeC1,KeC1-3,KeC1-3-4,4,Bt,24,38,0.92,1.235582603
KansasState,BAU,KeC1,KeC1-3,KeC1-3-5,5,Btk1,38,61,0.64,1.2896228975625
KansasState,BAU,KeC1,KeC1-3,KeC1-3-6,6,Btk2,61,80,0.64,1.2896228975625
KansasState,BAU,KeC1,KeC1-3,KeC1-3-7,7,Bk,80,100,0.7,1.2237974818333333
KansasState,BAU,KeC2,KeC2-1,KeC2-1-1,1,Ap1,0,5,2.37,0.933968903
KansasState,BAU,KeC2,KeC2-1,KeC2-1-2,2,Ap1,5,10,1.73,1.140932904
KansasState,BAU,KeC2,KeC2-1,KeC2-1-3,3,Ap2,10,22,1.26,1.221540705
KansasState,BAU,KeC2,KeC2-1,KeC2-1-4,4,Bt1,22,42,0.74,1.319614748
KansasState,BAU,KeC2,KeC2-1,KeC2-1-5,5,Bt2,42,56,0.75,1.382474426
KansasState,BAU,KeC2,KeC2-1,KeC2-1-6,6,Btk1,56,69,1.02,1.368067125
KansasState,BAU,KeC2,KeC2-1,KeC2-1-7,7,Btk2,69,84,0.82,1.256107786
KansasState,BAU,KeC2,KeC2-1,KeC2-1-8,8,Btk3,84,100,0.59,1.242825403
KansasState,BAU,KeC2,KeC2-2,KeC2-2-1,1,Ap1,0,5,2.28,1.382098583
KansasState,BAU,KeC2,KeC2-2,KeC2-2-2,2,Ap1,5,10,1.6,1.451378905
KansasState,BAU,KeC2,KeC2-2,KeC2-2-3,3,Ap2,10,23,1.25,1.447331369
KansasState,BAU,KeC2,KeC2-2,KeC2-2-4,4,Bt1,23,40,0.95,1.266184298
KansasState,BAU,KeC2,KeC2-2,KeC2-2-5,5,Bt2,40,56,0.78,1.334358741
KansasState,BAU,KeC2,KeC2-2,KeC2-2-6,6,Btk1,56,69,0.78,1.224716896
KansasState,BAU,KeC2,KeC2-2,KeC2-2-7,7,Btk2,69,79,0.7,1.274231752
KansasState,BAU,KeC2,KeC2-2,KeC2-2-8,8,Btk3,79,100,0.78,1.297544434
KansasState,BAU,KeC2,KeC2-3,KeC2-3-1,1,Ap1,0,5,2.09,1.15759526
KansasState,BAU,KeC2,KeC2-3,KeC2-3-2,2,Ap1,5,10,1.53,1.404899702
KansasState,BAU,KeC2,KeC2-3,KeC2-3-3,3,Ap2,10,26,1.21,1.356008841
KansasState,BAU,KeC2,KeC2-3,KeC2-3-4,4,Bt1,26,40,0.89,1.28694776
KansasState,BAU,KeC2,KeC2-3,KeC2-3-5,5,Bt2,40,52,0.96,1.357105049
KansasState,BAU,KeC2,KeC2-3,KeC2-3-6,6,Bt3,52,66,1.23,1.372765158
KansasState,BAU,KeC2,KeC2-3,KeC2-3-7,7,Btk1,66,81,1.25,1.328019006
KansasState,BAU,KeC2,KeC2-3,KeC2-3-8,8,Btk2,81,100,0.85,1.334373164
KansasState,BAU,KeC3,KeC3-1,KeC3-1-1,1,Ap1,0,5,3.79,1.3557896
KansasState,BAU,KeC3,KeC3-1,KeC3-1-2,2,Ap1,5,10,3.73,1.3557896
KansasState,BAU,KeC3,KeC3-1,KeC3-1-3,3,Ap2,10,23,0.96,1.319496695
KansasState,BAU,KeC3,KeC3-1,KeC3-1-4,4,Bt,23,39,0.72,1.267764127
KansasState,BAU,KeC3,KeC3-1,KeC3-1-5,5,Btk,39,57,0.52,1.21216204
KansasState,BAU,KeC3,KeC3-1,KeC3-1-6,6,Bk1,57,77,0.62,1.325972752
KansasState,BAU,KeC3,KeC3-1,KeC3-1-7,7,Bk2,77,100,0.49,1.268741182
KansasState,BAU,KeC3,KeC3-2,KeC3-2-1,1,Ap1,0,5,1.22,1.316326125
KansasState,BAU,KeC3,KeC3-2,KeC3-2-2,2,Ap1,5,10,0.96,1.332111515
KansasState,BAU,KeC3,KeC3-2,KeC3-2-3,3,Ap2,10,15,0.78,1.282124447
KansasState,BAU,KeC3,KeC3-2,KeC3-2-4,4,Bt1,15,26,0.68,1.477289268
KansasState,BAU,KeC3,KeC3-2,KeC3-2-5,5,Bt2,26,35,0.87,1.372451956
KansasState,BAU,KeC3,KeC3-2,KeC3-2-6,6,Btk1,35,55,0.8,1.27401251
KansasState,BAU,KeC3,KeC3-2,KeC3-2-7,7,Btk2,55,86,0.45,1.313044574
KansasState,BAU,KeC3,KeC3-2,KeC3-2-8,8,Bk,86,100,0.4,1.334554492
KansasState,BAU,KeC3,KeC3-3,KeC3-3-1,1,Ap1,0,5,1.23,1.252307599
KansasState,BAU,KeC3,KeC3-3,KeC3-3-2,2,Ap1,5,10,1.03,1.210213226
KansasState,BAU,KeC3,KeC3-3,KeC3-3-3,3,Ap2,10,18,0.88,1.258446362
KansasState,BAU,KeC3,KeC3-3,KeC3-3-4,4,Bt1,18,29,1.01,1.427461648
KansasState,BAU,KeC3,KeC3-3,KeC3-3-5,5,Bt2,29,41,0.89,1.348335388
KansasState,BAU,KeC3,KeC3-3,KeC3-3-6,6,Btk1,41,57,0.59,1.303390875
KansasState,BAU,KeC3,KeC3-3,KeC3-3-7,7,Btk2,57,76,0.36,1.313141353
KansasState,BAU,KeC3,KeC3-3,KeC3-3-8,8,Bk,76,100,0.41,1.225194731
KansasState,SHM,KeCF1,KeCF1-1,KeCF1-1-1,1,Ap,0,5,1.92,1.495227211
KansasState,SHM,KeCF1,KeCF1-1,KeCF1-1-2,2,Ap,5,10,1.09,1.26107726
KansasState,SHM,KeCF1,KeCF1-1,KeCF1-1-3,3,A,10,18,0.93,1.396568524
KansasState,SHM,KeCF1,KeCF1-1,KeCF1-1-4,4,Bt1,18,27,0.62,1.426531532
KansasState,SHM,KeCF1,KeCF1-1,KeCF1-1-5,5,Bt2,27,37,0.58,1.518466812
KansasState,SHM,KeCF1,KeCF1-1,KeCF1-1-6,6,Btk,37,59,0.72,1.168358026
KansasState,SHM,KeCF1,KeCF1-1,KeCF1-1-7,7,Bk,59,100,0.51,1.149574228
KansasState,SHM,KeCF1,KeCF1-2,KeCF1-2-1,1,Ap1,0,5,1.79,1.275108718
KansasState,SHM,KeCF1,KeCF1-2,KeCF1-2-2,2,Ap1,5,10,1.11,1.3557896
KansasState,SHM,KeCF1,KeCF1-2,KeCF1-2-3,3,Ap2,10,18,0.9,1.470562539
KansasState,SHM,KeCF1,KeCF1-2,KeCF1-2-4,4,Bt1,18,32,0.62,1.24811069
KansasState,SHM,KeCF1,KeCF1-2,KeCF1-2-5,5,Bt2,32,45,0.55,1.282731577
KansasState,SHM,KeCF1,KeCF1-2,KeCF1-2-6,6,Btk,45,66,0.53,1.019368697
KansasState,SHM,KeCF1,KeCF1-2,KeCF1-2-7,7,Bk,66,100,0.5,1.077352861
KansasState,SHM,KeCF1,KeCF1-3,KeCF1-3-1,1,Ap1,0,5,1.89,1.06288292
KansasState,SHM,KeCF1,KeCF1-3,KeCF1-3-2,2,Ap1,5,10,1.19,1.259323328
KansasState,SHM,KeCF1,KeCF1-3,KeCF1-3-3,3,Ap2,10,18,1.23,1.093467113
KansasState,SHM,KeCF1,KeCF1-3,KeCF1-3-4,4,Bt1,18,46,0.8,1.318144935
KansasState,SHM,KeCF1,KeCF1-3,KeCF1-3-5,5,Bt2,46,77,0.57,1.265377223
KansasState,SHM,KeCF1,KeCF1-3,KeCF1-3-6,6,Btk,77,95,0.48,1.411671829
KansasState,SHM,KeCF1,KeCF1-3,KeCF1-3-7,7,Bk,95,100,0.45,1.571523262
KansasState,SHM,KeCF3,KeCF3-1,KeCF3-1-1,1,Ap1,0,5,1.89,1.298786803
KansasState,SHM,KeCF3,KeCF3-1,KeCF3-1-2,2,Ap1,5,10,1.05,1.347896905
KansasState,SHM,KeCF3,KeCF3-1,KeCF3-1-3,3,Ap2,10,23,0.89,1.394038814
KansasState,SHM,KeCF3,KeCF3-1,KeCF3-1-4,4,Bt1,23,40,0.72,1.358523671
KansasState,SHM,KeCF3,KeCF3-1,KeCF3-1-5,5,Bt2,40,57,0.58,1.30281053
KansasState,SHM,KeCF3,KeCF3-1,KeCF3-1-6,6,Btk1,57,74,0.48,1.370904369
KansasState,SHM,KeCF3,KeCF3-1,KeCF3-1-7,7,Btk2,74,100,0.44,1.017617978
KansasState,SHM,KeCF3,KeCF3-2,KeCF3-2-1,1,Ap1,0,5,1.65,0.859426784
KansasState,SHM,KeCF3,KeCF3-2,KeCF3-2-2,2,Ap1,5,10,1.01,1.422439024
KansasState,SHM,KeCF3,KeCF3-2,KeCF3-2-3,3,Ap2,10,21,1.07,1.393180246
KansasState,SHM,KeCF3,KeCF3-2,KeCF3-2-4,4,Bt1,21,36,0.67,1.199981955
KansasState,SHM,KeCF3,KeCF3-2,KeCF3-2-5,5,Bt2,36,52,0.56,1.353542374
KansasState,SHM,KeCF3,KeCF3-2,KeCF3-2-6,6,Btk1,52,75,0.57,1.244338646
KansasState,SHM,KeCF3,KeCF3-2,KeCF3-2-7,7,Btk2,75,100,0.78,1.237749962
KansasState,SHM,KeCF3,KeCF3-3,KeCF3-3-1,1,Ap1,0,5,1.63,1.114623921
KansasState,SHM,KeCF3,KeCF3-3,KeCF3-3-2,2,Ap1,5,10,1.01,1.454009804
KansasState,SHM,KeCF3,KeCF3-3,KeCF3-3-3,3,Ap2,10,21,0.8,0.788611771
KansasState,SHM,KeCF3,KeCF3-3,KeCF3-3-4,4,Bt1,21,37,0.59,1.274615425
KansasState,SHM,KeCF3,KeCF3-3,KeCF3-3-5,5,Bt2,37,50,0.54,1.268902496
KansasState,SHM,KeCF3,KeCF3-3,KeCF3-3-6,6,Btk1,50,83,0.72,1.281685964
KansasState,SHM,KeCF3,KeCF3-3,KeCF3-3-7,7,Btk2,83,100,0.61,1.218961933875
KansasState,Ref,KeN1,KeN1-1,KeN1-1-1,1,A1,0,5,3.19,1.153210429
KansasState,Ref,KeN1,KeN1-1,KeN1-1-2,2,A1,5,10,2.01,1.247045803
KansasState,Ref,KeN1,KeN1-1,KeN1-1-3,3,A2,10,23,1.68,0.795992902
KansasState,Ref,KeN1,KeN1-1,KeN1-1-4,4,Bt1,23,44,1.04,1.210944031
KansasState,Ref,KeN1,KeN1-1,KeN1-1-5,5,Bt2,44,68,0.68,1.239654231
KansasState,Ref,KeN1,KeN1-1,KeN1-1-6,6,Bk1,68,80,0.79,0.988779284
KansasState,Ref,KeN1,KeN1-1,KeN1-1-7,7,Bk2,80,100,0.53,1.109362124
KansasState,Ref,KeN1,KeN1-2,KeN1-2-1,1,A1,0,5,3.37,0.885735767
KansasState,Ref,KeN1,KeN1-2,KeN1-2-2,2,A1,5,10,1.9,1.083053141
KansasState,Ref,KeN1,KeN1-2,KeN1-2-3,3,A2,10,28,1.59,1.180688701
KansasState,Ref,KeN1,KeN1-2,KeN1-2-4,4,Bt1,28,42,0.88,1.234768277
KansasState,Ref,KeN1,KeN1-2,KeN1-2-5,5,Bt2,42,64,0.6,1.099749226
KansasState,Ref,KeN1,KeN1-2,KeN1-2-6,6,Btk,64,86,0.53,1.16479891
KansasState,Ref,KeN1,KeN1-2,KeN1-2-7,7,Bk,86,100,0.56,1.148240955
KansasState,Ref,KeN1,KeN1-3,KeN1-3-1,1,A1,0,5,3.53,0.848903191
KansasState,Ref,KeN1,KeN1-3,KeN1-3-2,2,A1,5,10,1.82,1.210213226
KansasState,Ref,KeN1,KeN1-3,KeN1-3-3,3,A2,10,26,1.31,1.181437776
KansasState,Ref,KeN1,KeN1-3,KeN1-3-4,4,Bt,26,41,0.74,1.201199963
KansasState,Ref,KeN1,KeN1-3,KeN1-3-5,5,Btk,41,59,0.59,0.991180501
KansasState,Ref,KeN1,KeN1-3,KeN1-3-6,6,Bk1,59,80,0.56,1.177640199
KansasState,Ref,KeN1,KeN1-3,KeN1-3-7,7,Bk2,80,100,0.46,1.096207632
KansasState,Ref,KeN2,KeN2-1,KeN2-1-1,1,A1,0,5,1.12,0.917306547
KansasState,Ref,KeN2,KeN2-1,KeN2-1-2,2,A1,5,10,1.87,1.208459294
KansasState,Ref,KeN2,KeN2-1,KeN2-1-3,3,A2,10,25,1.6,1.205828396
KansasState,Ref,KeN2,KeN2-1,KeN2-1-4,4,Bt1,25,44,1.56,1.196135612
KansasState,Ref,KeN2,KeN2-1,KeN2-1-5,5,Bt2,44,70,0.93,1.228764432
KansasState,Ref,KeN2,KeN2-1,KeN2-1-6,6,Bt3,70,88,0.61,1.274280472
KansasState,Ref,KeN2,KeN2-1,KeN2-1-7,7,Btk,88,100,0.6,1.414107846
KansasState,Ref,KeN2,KeN2-2,KeN2-2-1,1,A1,0,5,3.87,0.81294758
KansasState,Ref,KeN2,KeN2-2,KeN2-2-2,2,A1,5,10,2.44,1.010264954
KansasState,Ref,KeN2,KeN2-2,KeN2-2-3,3,A2,10,26,1.56,1.251321012
KansasState,Ref,KeN2,KeN2-2,KeN2-2-4,4,Bt1,26,46,1.71,1.242880214
KansasState,Ref,KeN2,KeN2-2,KeN2-2-5,5,Bt2,46,69,1.21,1.157023325
KansasState,Ref,KeN2,KeN2-2,KeN2-2-6,6,Bt3,69,93,0.69,1.333901987
KansasState,Ref,KeN2,KeN2-2,KeN2-2-7,7,Btk,93,100,0.55,1.425069922
KansasState,Ref,KeN2,KeN2-3,KeN2-3-1,1,A1,0,5,4.33,0.755067817
KansasState,Ref,KeN2,KeN2-3,KeN2-3-2,2,A1,5,10,2.15,1.274231752
KansasState,Ref,KeN2,KeN2-3,KeN2-3-3,3,A2,10,25,1.9,1.104977293
KansasState,Ref,KeN2,KeN2-3,KeN2-3-4,4,Bt1,25,44,1.61,1.008049461
KansasState,Ref,KeN2,KeN2-3,KeN2-3-5,5,Bt2,44,56,1.2,1.129093861
KansasState,Ref,KeN2,KeN2-3,KeN2-3-6,6,Bt3,56,82,0.76,1.31662969
KansasState,Ref,KeN2,KeN2-3,KeN2-3-7,7,Bt4,82,100,0.65,1.292306998
KansasState,Ref,KeN3,KeN3-1,KeN3-1-1,1,A1,0,5,1.35,1.056744158
KansasState,Ref,KeN3,KeN3-1,KeN3-1-2,2,A1,5,10,3.01,1.420685092
KansasState,Ref,KeN3,KeN3-1,KeN3-1-3,3,A2,10,25,1.04,1.254736121
KansasState,Ref,KeN3,KeN3-1,KeN3-1-4,4,Bt1,25,43,0.74,1.301668263
KansasState,Ref,KeN3,KeN3-1,KeN3-1-5,5,Bt2,43,57,0.59,1.35582614
KansasState,Ref,KeN3,KeN3-1,KeN3-1-6,6,Bk1,57,83,0.73,1.164903311
KansasState,Ref,KeN3,KeN3-1,KeN3-1-7,7,Bk2,83,100,0.82,1.348993112
KansasState,Ref,KeN3,KeN3-2,KeN3-2-1,1,A1,0,5,2.91,0.686664461
KansasState,Ref,KeN3,KeN3-2,KeN3-2-2,2,A1,5,10,1.29,1.275985684
KansasState,Ref,KeN3,KeN3-2,KeN3-2-3,3,A2,10,25,1.06,1.297909837
KansasState,Ref,KeN3,KeN3-2,KeN3-2-4,4,Bt1,25,45,0.67,1.330169661
KansasState,Ref,KeN3,KeN3-2,KeN3-2-5,5,Bt2,45,71,0.58,1.348136077
KansasState,Ref,KeN3,KeN3-2,KeN3-2-6,6,Btk,71,85,0.66,1.431647168
KansasState,Ref,KeN3,KeN3-2,KeN3-2-7,7,Bk,85,100,0.91,1.33862612
KansasState,Ref,KeN3,KeN3-3,KeN3-3-1,1,A1,0,5,2.79,0.734897597
KansasState,Ref,KeN3,KeN3-3,KeN3-3-2,2,A1,5,10,1.35,1.158472226
KansasState,Ref,KeN3,KeN3-3,KeN3-3-3,3,A2,10,26,0.96,1.290236383
KansasState,Ref,KeN3,KeN3-3,KeN3-3-4,4,Bt,26,44,0.71,1.237691498
KansasState,Ref,KeN3,KeN3-3,KeN3-3-5,5,Btk,44,65,0.74,1.301807464
KansasState,Ref,KeN3,KeN3-3,KeN3-3-6,6,Bk1,65,79,0.89,1.30271227
KansasState,Ref,KeN3,KeN3-3,KeN3-3-7,7,Bk2,79,100,0.66,1.189385281
NCState,BAU,CeC1,CeC1-1,CeC1-1-1,1,Ap1,0,5,1.87,0.870713957
NCState,BAU,CeC1,CeC1-1,CeC1-1-2,2,Ap2,5,10,2.46,1.541044262
NCState,BAU,CeC1,CeC1-1,CeC1-1-3,3,Bt1,10,20,1.37,2.127431703
NCState,BAU,CeC1,CeC1-1,CeC1-1-4,4,Bt2,20,42,0.52,1.582248168
NCState,BAU,CeC1,CeC1-1,CeC1-1-5,5,BC,42,69,0.26,1.668044854
NCState,BAU,CeC1,CeC1-1,CeC1-1-6,6,C1,69,100,0.32,1.912587688
NCState,BAU,CeC1,CeC1-2,CeC1-2-1,1,Ap1,0,5,1.82,1.536133195
NCState,BAU,CeC1,CeC1-2,CeC1-2-2,2,Ap2,5,10,1.44,1.83819412
NCState,BAU,CeC1,CeC1-2,CeC1-2-3,3,Bt1,10,24,1.02,0.859146172
NCState,BAU,CeC1,CeC1-2,CeC1-2-4,4,Bt2,24,61,0.24,1.706353197
NCState,BAU,CeC1,CeC1-2,CeC1-2-5,5,BC,61,100,0.14,1.891973333
NCState,BAU,CeC1,CeC1-3,CeC1-3-1,1,Ap1,0,5,1.45,1.537952109
NCState,BAU,CeC1,CeC1-3,CeC1-3-2,2,Ap2,5,10,1.17,1.678978546
NCState,BAU,CeC1,CeC1-3,CeC1-3-3,3,Bt1,10,21,0.82,2.212873793
NCState,BAU,CeC1,CeC1-3,CeC1-3-4,4,Bt2,21,55,0.39,1.656120865
NCState,BAU,CeC1,CeC1-3,CeC1-3-5,5,BC,55,100,0.14,1.764467487
NCState,BAU,CeC2,CeC2-1,CeC2-1-1,1,Ap1,0,5,1.43,1.182778907
NCState,BAU,CeC2,CeC2-1,CeC2-1-2,2,Ap2,5,10,1.58,1.31531708
NCState,BAU,CeC2,CeC2-1,CeC2-1-3,3,Bt1,10,25,0.66,1.687951854
NCState,BAU,CeC2,CeC2-1,CeC2-1-4,4,Bt2,25,43,0.84,2.242053577
NCState,BAU,CeC2,CeC2-1,CeC2-1-5,5,Bt3,43,100,0.32,1.865538455
NCState,BAU,CeC2,CeC2-2,CeC2-2-1,1,Ap1,0,5,1.87,1.67946359
NCState,BAU,CeC2,CeC2-2,CeC2-2-2,2,Ap2,5,10,1.06,1.67146037
NCState,BAU,CeC2,CeC2-2,CeC2-2-3,3,A/B,10,34,0.67,2.20900998
NCState,BAU,CeC2,CeC2-2,CeC2-2-4,4,Bt1,34,64,0.22,1.838436642
NCState,BAU,CeC2,CeC2-2,CeC2-2-5,5,BC,64,100,0.23,1.811880503
NCState,BAU,CeC2,CeC2-3,CeC2-3-1,1,Ap1,0,5,1.79,1.404807631
NCState,BAU,CeC2,CeC2-3,CeC2-3-2,2,Ap2,5,10,1.15,1.570935076
NCState,BAU,CeC2,CeC2-3,CeC2-3-3,3,Bt1,10,26,1.2,2.003472739
NCState,BAU,CeC2,CeC2-3,CeC2-3-4,4,Bt2,26,46,0.46,1.636415967
NCState,BAU,CeC2,CeC2-3,CeC2-3-5,5,Bt3,46,100,0.09,1.767317119
NCState,BAU,CeC3,CeC3-1,CeC3-1-1,1,Ap1,0,5,2.24,1.445915079
NCState,BAU,CeC3,CeC3-1,CeC3-1-2,2,Ap2,5,10,1.68,1.696318856
NCState,BAU,CeC3,CeC3-1,CeC3-1-3,3,C1,10,49,1.34,1.758586333
NCState,BAU,CeC3,CeC3-1,CeC3-1-4,4,2C,49,79,0.44,2.060040953
NCState,BAU,CeC3,CeC3-1,CeC3-1-5,5,3Abp,79,100,0.59,2.257514343
NCState,BAU,CeC3,CeC3-2,CeC3-2-1,1,Ap1,0,5,1.86,1.597733737
NCState,BAU,CeC3,CeC3-2,CeC3-2-2,2,Ap2,5,10,1.72,1.520005495
NCState,BAU,CeC3,CeC3-2,CeC3-2-3,3,C,10,39,1.96,1.841468164
NCState,BAU,CeC3,CeC3-2,CeC3-2-4,4,2C,39,77,0.7,2.086597092
NCState,BAU,CeC3,CeC3-2,CeC3-2-5,5,3Abp,77,94,0.45,2.219559679
NCState,BAU,CeC3,CeC3-3,CeC3-3-1,1,Ap1,0,5,1.92,1.703715772
NCState,BAU,CeC3,CeC3-3,CeC3-3-2,2,Ap2,5,10,1.96,1.843044556
NCState,BAU,CeC3,CeC3-3,CeC3-3-3,3,C,10,45,1.42,2.096055443
NCState,BAU,CeC3,CeC3-3,CeC3-3-4,4,2C,45,66,0.48,2.029543834
NCState,BAU,CeC3,CeC3-3,CeC3-3-5,5,3Abp,66,89,0.69,2.069438673
NCState,BAU,CeC3,CeC3-3,CeC3-3-6,6,3Bbt,89,100,0.34,1.774532143
NCState,Ref,CeF3,CeF3-1,CeF3-1-1,1,A,0,5,8.59,0.311519275
NCState,Ref,CeF3,CeF3-1,CeF3-1-2,2,B,5,10,2.56,1.276998633
NCState,Ref,CeF3,CeF3-1,CeF3-1-3,3,Bt1,10,40,0.49,1.448764711
NCState,Ref,CeF3,CeF3-1,CeF3-1-4,4,Bt2,40,70,0.16,1.686981766
NCState,Ref,CeF3,CeF3-1,CeF3-1-5,5,Bt3,70,100,0.1,1.733727847
NCState,Ref,CeF3,CeF3-2,CeF3-2-1,1,Ap1,0,5,1.95,1.667216238
NCState,Ref,CeF3,CeF3-2,CeF3-2-2,2,Ap2,5,10,1.18,1.986738733
NCState,Ref,CeF3,CeF3-2,CeF3-2-3,3,E,10,40,0.37,2.455715299
NCState,Ref,CeF3,CeF3-2,CeF3-2-4,4,Eb,40,60,0.2,2.176269534
NCState,Ref,CeF3,CeF3-2,CeF3-2-5,5,Bt,60,100,0.15,2.025299702
NCState,SHM,CeH1,CeH1-1,CeH1-1-1,1,Ap1,0,5,2.76,1.052908473
NCState,SHM,CeH1,CeH1-1,CeH1-1-2,2,Ap2,5,10,0.44,1.676189545
NCState,SHM,CeH1,CeH1-1,CeH1-1-3,3,BA,10,44,0.42,2.087445918
NCState,SHM,CeH1,CeH1-1,CeH1-1-4,4,Bt,44,75,0.23,2.076168654
NCState,SHM,CeH1,CeH1-1,CeH1-1-5,5,BC,75,100,0.2,1.965214922
NCState,SHM,CeH1,CeH1-2,CeH1-2-1,1,Ap1,0,5,5.05,0.898058292
NCState,SHM,CeH1,CeH1-2,CeH1-2-2,2,Ap2,5,10,2.18,1.457919909
NCState,SHM,CeH1,CeH1-2,CeH1-2-3,3,BA,10,23,1.43,1.52723451
NCState,SHM,CeH1,CeH1-2,CeH1-2-4,4,Bt,23,49,0.54,1.689649506
NCState,SHM,CeH1,CeH1-2,CeH1-2-5,5,BC,49,100,0.2,1.616589809
NCState,SHM,CeH1,CeH1-3,CeH1-3-1,1,Ap1,0,5,4.58,1.380434188
NCState,SHM,CeH1,CeH1-3,CeH1-3-2,2,Ap2,5,10,2.19,1.801755217
NCState,SHM,CeH1,CeH1-3,CeH1-3-3,3,Bt1,10,16,1.39,2.151724305
NCState,SHM,CeH1,CeH1-3,CeH1-3-4,4,Bt2,16,61,0.54,1.78073767
NCState,SHM,CeH1,CeH1-3,CeH1-3-5,5,Bt3,61,100,0.18,2.001380988
NCState,SHM,CeH2,CeH2-1,CeH2-1-1,1,Ap1,0,5,1.83,1.25529293
NCState,SHM,CeH2,CeH2-1,CeH2-1-2,2,Ap2,5,10,1.72,1.796116584
NCState,SHM,CeH2,CeH2-1,CeH2-1-3,3,Bt1,10,30,0.62,1.8248646905
NCState,SHM,CeH2,CeH2-1,CeH2-1-4,4,Bt2,30,62,0.39,1.83558701
NCState,SHM,CeH2,CeH2-1,CeH2-1-5,5,Bt/BC,62,100,0.15,1.8248646905
NCState,SHM,CeH2,CeH2-2,CeH2-2-1,1,Ap1,0,5,2.12,1.386861016
NCState,SHM,CeH2,CeH2-2,CeH2-2-2,2,Ap2,5,10,1.26,1.728574258
NCState,SHM,CeH2,CeH2-2,CeH2-2-3,3,Bt1,10,15,0.69,1.8248646905
NCState,SHM,CeH2,CeH2-2,CeH2-2-4,4,Bt2,15,58,0.45,1.859111627
NCState,SHM,CeH2,CeH2-2,CeH2-2-5,5,Bt/BC,58,100,0.26,1.693893638
NCState,SHM,CeH2,CeH2-3,CeH2-3-1,1,Ap1,0,5,2.68,1.221097354
NCState,SHM,CeH2,CeH2-3,CeH2-3-2,2,Ap2,5,10,1.48,1.552867201
NCState,SHM,CeH2,CeH2-3,CeH2-3-3,3,Bt1,10,22,1.26,1.938355631
NCState,SHM,CeH2,CeH2-3,CeH2-3-4,4,Bt2,22,52,0.73,1.563841313
NCState,SHM,CeH2,CeH2-3,CeH2-3-5,5,BC,52,100,0.13,1.73421289
NCState,SHM,CeH3,CeH3-1,CeH3-1-1,1,Ap1,0,5,3.08,1.531282759
NCState,SHM,CeH3,CeH3-1,CeH3-1-2,2,Ap2,5,10,1.68,1.756585528
NCState,SHM,CeH3,CeH3-1,CeH3-1-3,3,B/A,10,20,1.09,1.86403485275
NCState,SHM,CeH3,CeH3-1,CeH3-1-4,4,Bt,20,50,0.78,1.688073115
NCState,SHM,CeH3,CeH3-1,CeH3-1-5,5,BC1,50,77,0.33,1.879786612
NCState,SHM,CeH3,CeH3-3,CeH3-3-1,1,Ap1,0,5,2.19,1.565720857
NCState,SHM,CeH3,CeH3-3,CeH3-3-2,2,Ap2,5,10,0.98,1.722511213
NCState,SHM,CeH3,CeH3-3,CeH3-3-3,3,A/B,10,20,0.59,1.884394526
NCState,SHM,CeH3,CeH3-3,CeH3-3-4,4,BCt,20,36,0.72,1.381085966
NCState,SHM,CeH3,CeH3-3,CeH3-3-5,5,BCt,36,100,0.15,1.915255428
WashingtonState,SHM,ASP10,ASP10-1,ASP10-1-1,1,Ap1a,0,5,2.18,0.9951162790697674
WashingtonState,SHM,ASP10,ASP10-1,ASP10-1-2,2,Ap1b,5,10,1.37,0.9951162790697674
WashingtonState,SHM,ASP10,ASP10-1,ASP10-1-3,3,Ap2,10,33,1.12,1.11
WashingtonState,SHM,ASP10,ASP10-1,ASP10-1-4,4,A,33,60,0.48,1.03
WashingtonState,SHM,ASP10,ASP10-1,ASP10-1-5,5,AB,60,82,0.36,1.07
WashingtonState,SHM,ASP10,ASP10-1,ASP10-1-6,6,Bw1,82,106,0.28,0.98
WashingtonState,SHM,ASP10,ASP10-1,ASP10-1-7,7,Bw2,106,122,0.17,1.41
WashingtonState,SHM,ASP10,ASP10-2,ASP10-2-1,1,Ap1a,0,5,1.63,0.9951162790697674
WashingtonState,SHM,ASP10,ASP10-2,ASP10-2-2,2,Ap1b,5,10,1.17,0.9951162790697674
WashingtonState,SHM,ASP10,ASP10-2,ASP10-2-3,3,Ap2,10,32,1,1.1
WashingtonState,SHM,ASP10,ASP10-2,ASP10-2-4,4,A,32,55,0.44,1.23
WashingtonState,SHM,ASP10,ASP10-2,ASP10-2-5,5,AB,55,84,0.23,1.06
WashingtonState,SHM,ASP10,ASP10-2,ASP10-2-6,6,Bw1,84,108,0.16,0.99
WashingtonState,SHM,ASP10,ASP10-2,ASP10-2-7,7,Bw2,108,122,0.08,0.96
WashingtonState,SHM,ASP10,ASP10-3,ASP10-3-1,1,Ap1a,0,5,0.77,0.9951162790697674
WashingtonState,SHM,ASP10,ASP10-3,ASP10-3-2,2,Ap1b,5,10,0.67,0.9951162790697674
WashingtonState,SHM,ASP10,ASP10-3,ASP10-3-3,3,Ap2,10,27,0.46,1.54
WashingtonState,SHM,ASP10,ASP10-3,ASP10-3-4,4,A,27,51,0.11,1
WashingtonState,SHM,ASP10,ASP10-3,ASP10-3-5,5,AB,51,78,0.08,1.22
WashingtonState,SHM,ASP10,ASP10-3,ASP10-3-6,6,Bw1,78,105,0.07,1.15
WashingtonState,SHM,ASP10,ASP10-3,ASP10-3-7,7,Bw2,105,122,0.05,1.07
WashingtonState,SHM,ASP2,ASP2-1,ASP2-1-1,1,Ap1a,0,5,2.8592,0.76
WashingtonState,SHM,ASP2,ASP2-1,ASP2-1-2,2,Ap1b,5,10,2.1884,0.98
WashingtonState,SHM,ASP2,ASP2-1,ASP2-1-3,3,Ap2,10,29,1.8814,1.35
WashingtonState,SHM,ASP2,ASP2-1,ASP2-1-4,4,A,29,65,1.4542,1.18
WashingtonState,SHM,ASP2,ASP2-1,ASP2-1-5,5,AB,65,88,0.98112,1.09
WashingtonState,SHM,ASP2,ASP2-1,ASP2-1-6,6,Bw1,88,122,0.72931,1.1125
WashingtonState,SHM,ASP2,ASP2-2,ASP2-2-1,1,Ap1a,0,5,2.6852,0.51
WashingtonState,SHM,ASP2,ASP2-2,ASP2-2-2,2,Ap1b,5,10,2.5545,0.65
WashingtonState,SHM,ASP2,ASP2-2,ASP2-2-3,3,Ap2,10,32,1.4813,1.09
WashingtonState,SHM,ASP2,ASP2-2,ASP2-2-4,4,A,32,77,0.96083,1.04
WashingtonState,SHM,ASP2,ASP2-2,ASP2-2-5,5,AB,77,98,0.49108,1.2
WashingtonState,SHM,ASP2,ASP2-2,ASP2-2-6,6,Bw1,98,122,0.28,1.1125
WashingtonState,SHM,ASP2,ASP2-3,ASP2-3-1,1,Ap1a,0,5,2.3962,0.66
WashingtonState,SHM,ASP2,ASP2-3,ASP2-3-2,2,Ap1b,5,10,2.7359,0.83
WashingtonState,SHM,ASP2,ASP2-3,ASP2-3-3,3,Ap2,10,39,2.319,1.18
WashingtonState,SHM,ASP2,ASP2-3,ASP2-3-4,4,A,39,64,1.541,1.28
WashingtonState,SHM,ASP2,ASP2-3,ASP2-3-5,5,AB,64,89,0.76323,1.07
WashingtonState,SHM,ASP2,ASP2-3,ASP2-3-6,6,Bw1,89,108,0.39041,1.1125
WashingtonState,SHM,ASP2,ASP2-3,ASP2-3-7,7,Bw2,108,122,0.52572,1.1125
WashingtonState,SHM,ASP6,ASP6-1,ASP6-1-1,1,Ap1a,0,5,2.58,0.99
WashingtonState,SHM,ASP6,ASP6-1,ASP6-1-2,2,Ap1b,5,10,1.69,1.02
WashingtonState,SHM,ASP6,ASP6-1,ASP6-1-3,3,Ap2,10,28,1.5,1.13
WashingtonState,SHM,ASP6,ASP6-1,ASP6-1-4,4,A,28,48,0.68,1.22
WashingtonState,SHM,ASP6,ASP6-1,ASP6-1-5,5,AB,48,72,0.4,1.16
WashingtonState,SHM,ASP6,ASP6-1,ASP6-1-6,6,Bw1,72,92,0.26,1.23
WashingtonState,SHM,ASP6,ASP6-1,ASP6-1-7,7,Bw2,92,122,0.21,1.15
WashingtonState,SHM,ASP6,ASP6-2,ASP6-2-1,1,Ap1a,0,5,2.41,0.87
WashingtonState,SHM,ASP6,ASP6-2,ASP6-2-2,2,Ap1b,5,10,2.04,0.7
WashingtonState,SHM,ASP6,ASP6-2,ASP6-2-3,3,Ap2,10,33,1.51,1.05
WashingtonState,SHM,ASP6,ASP6-2,ASP6-2-4,4,A,33,57,0.97,0.6
WashingtonState,SHM,ASP6,ASP6-2,ASP6-2-5,5,AB,57,88,0.65,1.18
WashingtonState,SHM,ASP6,ASP6-2,ASP6-2-6,6,Bw1,88,106,0.5,1.1
WashingtonState,SHM,ASP6,ASP6-2,ASP6-2-7,7,Bw2,106,122,0.38,1.16
WashingtonState,SHM,ASP6,ASP6-3,ASP6-3-1,1,Ap1a,0,5,2.69,1.07
WashingtonState,SHM,ASP6,ASP6-3,ASP6-3-2,2,Ap1b,5,10,1.87,1.05
WashingtonState,SHM,ASP6,ASP6-3,ASP6-3-3,3,Ap2,10,28,1.84,1.12
WashingtonState,SHM,ASP6,ASP6-3,ASP6-3-4,4,A,28,61,1.31,0.85
WashingtonState,SHM,ASP6,ASP6-3,ASP6-3-5,5,A,61,88,0.97,1.13
WashingtonState,SHM,ASP6,ASP6-3,ASP6-3-6,6,AB,88,109,0.68,1.14
WashingtonState,SHM,ASP6,ASP6-3,ASP6-3-7,7,Bw1,109,122,0.31,1.63
WashingtonState,SHM,ASP9,ASP9-1,ASP9-1-1,1,Ap1a,0,5,3.0774,0.91
WashingtonState,SHM,ASP9,ASP9-1,ASP9-1-2,2,Ap1b,5,10,2.1789,0.65
WashingtonState,SHM,ASP9,ASP9-1,ASP9-1-3,3,Ap2,10,30,1.5741,1.05
WashingtonState,SHM,ASP9,ASP9-1,ASP9-1-4,4,A,30,63,1.7764,1.16
WashingtonState,SHM,ASP9,ASP9-1,ASP9-1-5,5,AB,63,104,1.3819,1.12
WashingtonState,SHM,ASP9,ASP9-1,ASP9-1-6,6,Bw1,104,122,1.1099,1.06
WashingtonState,SHM,ASP9,ASP9-2,ASP9-2-1,1,Ap1a,0,5,2.5818,1.07
WashingtonState,SHM,ASP9,ASP9-2,ASP9-2-2,2,Ap1b,5,10,2.193,0.77
WashingtonState,SHM,ASP9,ASP9-2,ASP9-2-3,3,Ap2,10,33,1.5876,0.99
WashingtonState,SHM,ASP9,ASP9-2,ASP9-2-4,4,A,33,57,1.2529,1.27
WashingtonState,SHM,ASP9,ASP9-2,ASP9-2-5,5,AB,57,87,0.91909,1.23
WashingtonState,SHM,ASP9,ASP9-2,ASP9-2-6,6,Bw1,87,109,0.55295,1.14
WashingtonState,SHM,ASP9,ASP9-2,ASP9-2-7,7,Bw2,109,122,0.4585,0.97
WashingtonState,SHM,ASP9,ASP9-3,ASP9-3-1,1,Ap1a,0,5,3.3002,1.07
WashingtonState,SHM,ASP9,ASP9-3,ASP9-3-2,2,Ap1b,5,10,1.9376,0.58
WashingtonState,SHM,ASP9,ASP9-3,ASP9-3-3,3,Ap2,10,29,1.3138,0.89
WashingtonState,SHM,ASP9,ASP9-3,ASP9-3-4,4,A,29,51,0.87273,1.06
WashingtonState,SHM,ASP9,ASP9-3,ASP9-3-5,5,AB,51,82,0.63752,0.88
WashingtonState,SHM,ASP9,ASP9-3,ASP9-3-6,6,Bw1,82,106,0.40291,0.84
WashingtonState,SHM,ASP9,ASP9-3,ASP9-3-7,7,Bw2,106,122,0.1583,0.96
WashingtonState,BAU,BAU3,BAU3-1,BAU3-1-1,1,Ap1a,0,5,2.05,0.77
WashingtonState,BAU,BAU3,BAU3-1,BAU3-1-2,2,Ap1b,5,10,1.65,0.71
WashingtonState,BAU,BAU3,BAU3-1,BAU3-1-3,3,Ap2,10,34,0.93,1.06
WashingtonState,BAU,BAU3,BAU3-1,BAU3-1-4,4,A,34,70,0.47,1.06
WashingtonState,BAU,BAU3,BAU3-1,BAU3-1-5,5,AB,70,100,0.44,1.09
WashingtonState,BAU,BAU3,BAU3-1,BAU3-1-6,6,Bw1,100,122,0.41,1.06
WashingtonState,BAU,BAU3,BAU3-2,BAU3-2-1,1,Ap1a,0,5,1.75,0.72
WashingtonState,BAU,BAU3,BAU3-2,BAU3-2-2,2,Ap1b,5,10,1.33,0.67
WashingtonState,BAU,BAU3,BAU3-2,BAU3-2-3,3,Ap2,10,38,0.84,0.99
WashingtonState,BAU,BAU3,BAU3-2,BAU3-2-4,4,A,38,75,0.56,1.15
WashingtonState,BAU,BAU3,BAU3-2,BAU3-2-5,5,AB,75,103,0.51,1.14
WashingtonState,BAU,BAU3,BAU3-2,BAU3-2-6,6,Bw1,103,122,0.2,1.12
WashingtonState,BAU,BAU3,BAU3-3,BAU3-3-1,1,Ap1a,0,5,1.9,0.72
WashingtonState,BAU,BAU3,BAU3-3,BAU3-3-2,2,Ap1b,5,10,1.44,0.71
WashingtonState,BAU,BAU3,BAU3-3,BAU3-3-3,3,Ap2,10,33,0.86,1
WashingtonState,BAU,BAU3,BAU3-3,BAU3-3-4,4,A,33,72,0.51,0.99
WashingtonState,BAU,BAU3,BAU3-3,BAU3-3-5,5,AB,72,94,0.3,0.99
WashingtonState,BAU,BAU3,BAU3-3,BAU3-3-6,6,Bw1,94,122,0.18,0.6
WashingtonState,BAU,BAU8,BAU8-1,BAU8-1-1,1,Ap1a,0,5,2.057,0.9414814814814815
WashingtonState,BAU,BAU8,BAU8-1,BAU8-1-2,2,Ap1b,5,10,2.215,0.9414814814814815
WashingtonState,BAU,BAU8,BAU8-1,BAU8-1-3,3,Ap2,10,29,2.0668,0.8
WashingtonState,BAU,BAU8,BAU8-1,BAU8-1-4,4,A,29,79,2.5018,0.74
WashingtonState,BAU,BAU8,BAU8-1,BAU8-1-5,5,AB,79,106,1.925,0.9
WashingtonState,BAU,BAU8,BAU8-1,BAU8-1-6,6,Bw1,106,122,1.3431,1.1014285714285714
WashingtonState,BAU,BAU8,BAU8-2,BAU8-2-1,1,Ap1a,0,5,2.0435,0.9414814814814815
WashingtonState,BAU,BAU8,BAU8-2,BAU8-2-2,2,Ap1b,5,10,1.9509,0.9414814814814815
WashingtonState,BAU,BAU8,BAU8-2,BAU8-2-3,3,Ap2,10,26,1.811,0.98
WashingtonState,BAU,BAU8,BAU8-2,BAU8-2-4,4,A,26,56,1.9217,0.9414814814814815
WashingtonState,BAU,BAU8,BAU8-2,BAU8-2-5,5,AB,56,77,2.6226,0.9
WashingtonState,BAU,BAU8,BAU8-2,BAU8-2-6,6,Bw1,77,96,2.1902,1.1014285714285714
WashingtonState,BAU,BAU8,BAU8-2,BAU8-2-7,7,Bw2,96,122,1.0746,1.1014285714285714
WashingtonState,BAU,BAU8,BAU8-3,BAU8-3-1,1,Ap1a,0,5,2.4254,0.9414814814814815
WashingtonState,BAU,BAU8,BAU8-3,BAU8-3-2,2,Ap1b,5,10,2.1139,0.9414814814814815
WashingtonState,BAU,BAU8,BAU8-3,BAU8-3-3,3,Ap2,10,24,1.9411,1.54
WashingtonState,BAU,BAU8,BAU8-3,BAU8-3-4,4,A,24,62,1.9273,0.85
WashingtonState,BAU,BAU8,BAU8-3,BAU8-3-5,5,AB,62,85,1.6069,1.0425
WashingtonState,BAU,BAU8,BAU8-3,BAU8-3-6,6,Bw1,85,108,1.1349,1.1014285714285714
WashingtonState,BAU,BAU8,BAU8-3,BAU8-3-7,7,Bw2,108,122,0.83987,1.1014285714285714
WashingtonState,BAU,BAU9,BAU9-1,BAU9-1-1,1,Ap1a,0,5,1.4886,0.79
WashingtonState,BAU,BAU9,BAU9-1,BAU9-1-2,2,Ap1b,5,10,1.3078,0.75
WashingtonState,BAU,BAU9,BAU9-1,BAU9-1-3,3,Ap2,10,33,1.1747,1.31
WashingtonState,BAU,BAU9,BAU9-1,BAU9-1-4,4,A,33,68,0.94565,1.2
WashingtonState,BAU,BAU9,BAU9-1,BAU9-1-5,5,AB,68,89,0.61908,1.48
WashingtonState,BAU,BAU9,BAU9-1,BAU9-1-6,6,Bw1,89,106,0.37446,1.24
WashingtonState,BAU,BAU9,BAU9-1,BAU9-1-7,7,Bw2,106,122,0.22639,1.26
WashingtonState,BAU,BAU9,BAU9-2,BAU9-2-1,1,Ap1a,0,5,1.5816,0.7
WashingtonState,BAU,BAU9,BAU9-2,BAU9-2-2,2,Ap1b,5,10,1.5013,0.88
WashingtonState,BAU,BAU9,BAU9-2,BAU9-2-3,3,Ap2,10,31,1.1734,1.38
WashingtonState,BAU,BAU9,BAU9-2,BAU9-2-4,4,A,31,60,0.86227,1.09
WashingtonState,BAU,BAU9,BAU9-2,BAU9-2-5,5,AB,60,83,0.57909,0.69
WashingtonState,BAU,BAU9,BAU9-2,BAU9-2-6,6,Bw1,83,103,0.56826,1.3
WashingtonState,BAU,BAU9,BAU9-2,BAU9-2-7,7,Bw2,103,122,0.42772,1.13
WashingtonState,BAU,BAU9,BAU9-3,BAU9-3-1,1,Ap1a,0,5,1.6908,0.99
WashingtonState,BAU,BAU9,BAU9-3,BAU9-3-2,2,Ap1b,5,10,1.5988,0.87
WashingtonState,BAU,BAU9,BAU9-3,BAU9-3-3,3,Ap2,10,30,1.3883,0.9414814814814815
WashingtonState,BAU,BAU9,BAU9-3,BAU9-3-4,4,A,30,59,1.1153,0.9414814814814815
WashingtonState,BAU,BAU9,BAU9-3,BAU9-3-5,5,AB,59,86,0.64053,1.15
WashingtonState,BAU,BAU9,BAU9-3,BAU9-3-6,6,Bw1,86,102,0.48216,1.1014285714285714
WashingtonState,BAU,BAU9,BAU9-3,BAU9-3-7,7,Bw2,102,122,0.2709,1.1014285714285714
WashingtonState,Ref,PGL7,PGL7-7a,PGL7-7a-1,1,Ap1a,0,5,1.8348,0.9572727272727273
WashingtonState,Ref,PGL7,PGL7-7a,PGL7-7a-2,2,Ap1b,5,10,1.6937,0.9572727272727273
WashingtonState,Ref,PGL7,PGL7-7a,PGL7-7a-3,3,Ap2,10,20,1.215,1.13
WashingtonState,Ref,PGL7,PGL7-7a,PGL7-7a-4,4,A,20,41,0.54155,1.15
WashingtonState,Ref,PGL7,PGL7-7a,PGL7-7a-5,5,AB,41,64,0.37795,1.2
WashingtonState,Ref,PGL7,PGL7-7a,PGL7-7a-6,6,Bw1,64,99,0.25638,1.0433333333333332
WashingtonState,Ref,PGL7,PGL7-7a,PGL7-7a-7,7,Bw2,99,122,0.14312,1.0433333333333332
WashingtonState,Ref,PGL7,PGL7-7b,PGL7-7b-1,1,Ap1a,0,5,2.5639,0.79
WashingtonState,Ref,PGL7,PGL7-7b,PGL7-7b-2,2,Ap1b,5,10,1.9045,0.76
WashingtonState,Ref,PGL7,PGL7-7b,PGL7-7b-3,3,Ap2,10,22,1.4214,1.07
WashingtonState,Ref,PGL7,PGL7-7b,PGL7-7b-4,4,A,22,45,0.97936,1.03
WashingtonState,Ref,PGL7,PGL7-7b,PGL7-7b-5,5,AB,45,67,0.47664,1.1075
WashingtonState,Ref,PGL7,PGL7-7b,PGL7-7b-6,6,Bw1,67,103,0.29965,1.29
WashingtonState,Ref,PGL7,PGL7-7b,PGL7-7b-7,7,Bw2,103,122,0.24019,1.0433333333333332
WashingtonState,Ref,PGL7,PGL7-7c,PGL7-7c-1,1,Ap1a,0,5,2.8044,1.02
WashingtonState,Ref,PGL7,PGL7-7c,PGL7-7c-2,2,Ap1b,5,10,1.9918,0.81
WashingtonState,Ref,PGL7,PGL7-7c,PGL7-7c-3,3,Ap2,10,23,1.6103,0.8
WashingtonState,Ref,PGL7,PGL7-7c,PGL7-7c-4,4,A,23,42,1.6018,1.03
WashingtonState,Ref,PGL7,PGL7-7c,PGL7-7c-5,5,AB,42,65,0.95548,1.1075
WashingtonState,Ref,PGL7,PGL7-7c,PGL7-7c-6,6,Bw1,65,98,0.79111,1.0433333333333332
WashingtonState,Ref,PGL7,PGL7-7c,PGL7-7c-7,7,Bw2,98,122,0.3385,1.0433333333333332
WashingtonState,Ref,PGL9,PGL9-1,PGL9-1-1,1,Ap1a,0,5,3.0774,0.91
WashingtonState,Ref,PGL9,PGL9-1,PGL9-1-2,2,Ap1b,5,10,2.1789,0.65
WashingtonState,Ref,PGL9,PGL9-1,PGL9-1-3,3,Ap2,10,30,1.5741,1.05
WashingtonState,Ref,PGL9,PGL9-1,PGL9-1-4,4,A,30,63,1.7764,1.16
WashingtonState,Ref,PGL9,PGL9-1,PGL9-1-5,5,AB,63,104,1.3819,1.12
WashingtonState,Ref,PGL9,PGL9-1,PGL9-1-6,6,Bw1,104,122,1.1099,1.06
WashingtonState,Ref,PGL9,PGL9-2,PGL9-2-1,1,Ap1a,0,5,2.5818,1.07
WashingtonState,Ref,PGL9,PGL9-2,PGL9-2-2,2,Ap1b,5,10,2.193,0.77
WashingtonState,Ref,PGL9,PGL9-2,PGL9-2-3,3,Ap2,10,33,1.5876,0.99
WashingtonState,Ref,PGL9,PGL9-2,PGL9-2-4,4,A,33,57,1.2529,1.27
WashingtonState,Ref,PGL9,PGL9-2,PGL9-2-5,5,AB,57,87,0.91909,1.23
WashingtonState,Ref,PGL9,PGL9-2,PGL9-2-6,6,Bw1,87,109,0.55295,1.14
WashingtonState,Ref,PGL9,PGL9-2,PGL9-2-7,7,Bw2,109,122,0.4585,0.97
WashingtonState,Ref,PGL9,PGL9-3,PGL9-3-1,1,Ap1a,0,5,3.3002,1.07
WashingtonState,Ref,PGL9,PGL9-3,PGL9-3-2,2,Ap1b,5,10,1.9376,0.58
WashingtonState,Ref,PGL9,PGL9-3,PGL9-3-3,3,Ap2,10,29,1.3138,0.89
WashingtonState,Ref,PGL9,PGL9-3,PGL9-3-4,4,A,29,51,0.87273,1.06
WashingtonState,Ref,PGL9,PGL9-3,PGL9-3-5,5,AB,51,82,0.63752,0.88
WashingtonState,Ref,PGL9,PGL9-3,PGL9-3-6,6,Bw1,82,106,0.40291,0.84
WashingtonState,Ref,PGL9,PGL9-3,PGL9-3-7,7,Bw2,106,122,0.1583,0.96
UnivOfMinnesota,SHM,ALT,ALT-1,ALT-1-1,1,Ap1,0,5,2.9871,1.316609735
UnivOfMinnesota,SHM,ALT,ALT-1,ALT-1-2,2,Ap2,5,10,2.548,1.43862096
UnivOfMinnesota,SHM,ALT,ALT-1,ALT-1-3,3,Ap3,10,20,2.6083,1.537770868
UnivOfMinnesota,SHM,ALT,ALT-1,ALT-1-4,4,BA,20,35,2.0574,1.469376377
UnivOfMinnesota,SHM,ALT,ALT-1,ALT-1-5,5,2Bw1,35,61,0.3874,1.74023877
UnivOfMinnesota,SHM,ALT,ALT-1,ALT-1-6,6,2Bw2,61,100,0.2755,2.116503198
UnivOfMinnesota,SHM,ALT,ALT-2,ALT-2-1,1,Ap1,0,5,4.0545,1.04252655
UnivOfMinnesota,SHM,ALT,ALT-2,ALT-2-2,2,Ap2,5,10,3.4605,1.091217365
UnivOfMinnesota,SHM,ALT,ALT-2,ALT-2-3,3,Ap3,10,22,3.4519,1.477017867
UnivOfMinnesota,SHM,ALT,ALT-2,ALT-2-4,4,BA,22,40,1.6097,1.629531898
UnivOfMinnesota,SHM,ALT,ALT-2,ALT-2-5,5,2Bw1,40,70,0.8608,2.154079119
UnivOfMinnesota,SHM,ALT,ALT-2,ALT-2-6,6,2Bw2,70,110,0.7747,1.854924268
UnivOfMinnesota,SHM,ALT,ALT-3,ALT-3-1,1,Ap1,0,5,2.5567,1.169675655
UnivOfMinnesota,SHM,ALT,ALT-3,ALT-3-2,2,Ap2,5,10,2.6255,1.486574266
UnivOfMinnesota,SHM,ALT,ALT-3,ALT-3-3,3,Ap3,10,22,2.0574,1.237900223
UnivOfMinnesota,SHM,ALT,ALT-3,ALT-3-4,4,BA,22,38,1.0933,1.551432688
UnivOfMinnesota,SHM,ALT,ALT-3,ALT-3-5,5,2Bw1,38,80,0.3185,1.927359074
UnivOfMinnesota,SHM,ALT,ALT-3,ALT-3-6,6,2Bw2,80,140,0.2669,1.937036744
UnivOfMinnesota,SHM,ALT,ALT-4,ALT-4-1,1,Ap1,0,5,3.5552,1.390639102
UnivOfMinnesota,SHM,ALT,ALT-4,ALT-4-2,2,Ap2,5,10,2.9699,1.399775784
UnivOfMinnesota,SHM,ALT,ALT-4,ALT-4-3,3,Ap3,10,25,2.9612,1.562312553
UnivOfMinnesota,SHM,ALT,ALT-4,ALT-4-4,4,A,25,40,1.5323,1.457180597
UnivOfMinnesota,SHM,ALT,ALT-4,ALT-4-5,5,2BA,40,61,0.7661,1.545241383
UnivOfMinnesota,SHM,ALT,ALT-4,ALT-4-6,6,2Bw1,61,100,0.241,1.938238939
UnivOfMinnesota,SHM,ALT,ALT-5,ALT-5-1,1,Ap1,0,5,3.3989,1.366715421
UnivOfMinnesota,SHM,ALT,ALT-5,ALT-5-2,2,Ap2,5,10,3.3349,1.63787051
UnivOfMinnesota,SHM,ALT,ALT-5,ALT-5-3,3,Ap3,10,26,2.8507,1.45645928
UnivOfMinnesota,SHM,ALT,ALT-5,ALT-5-4,4,BA,26,46,2.4348,1.651274985
UnivOfMinnesota,SHM,ALT,ALT-5,ALT-5-5,5,2Bw1,46,78,0.4058,1.825352825
UnivOfMinnesota,SHM,ALT,ALT-5,ALT-5-6,6,2Bw2,78,116,0.2254,2.162147763
UnivOfMinnesota,SHM,ALT,ALT-6,ALT-6-1,1,Ap1,0,5,3.3997,1.136675402
UnivOfMinnesota,SHM,ALT,ALT-6,ALT-6-2,2,Ap2,5,10,3.048,1.344835471
UnivOfMinnesota,SHM,ALT,ALT-6,ALT-6-3,3,Ap3,10,23,2.5949,1.501481484
UnivOfMinnesota,SHM,ALT,ALT-6,ALT-6-4,4,A,23,43,1.533,1.449065781
UnivOfMinnesota,SHM,ALT,ALT-6,ALT-6-5,5,2Bw1,43,70,0.7214,1.650733997
UnivOfMinnesota,SHM,ALT,ALT-6,ALT-6-6,6,2Bw2,70,104,0.4148,2.045955614
UnivOfMinnesota,SHM,ALT,ALT-7,ALT-7-1,1,Ap1,0,5,3.0791,1.121708074
UnivOfMinnesota,SHM,ALT,ALT-7,ALT-7-2,2,Ap2,5,10,3.3095,1.290616476
UnivOfMinnesota,SHM,ALT,ALT-7,ALT-7-3,3,Ap3,10,27,2.5249,1.454776207
UnivOfMinnesota,SHM,ALT,ALT-7,ALT-7-4,4,A,27,56,1.4338,1.55323598
UnivOfMinnesota,SHM,ALT,ALT-7,ALT-7-5,5,2Bw1,56,77,0.9288,2.091098037
UnivOfMinnesota,SHM,ALT,ALT-7,ALT-7-6,6,2Bw2,77,100,0.3246,1.81206857
UnivOfMinnesota,SHM,ALT,ALT-8,ALT-8-1,1,Ap1,0,5,3.0299,1.3387643869999999
UnivOfMinnesota,SHM,ALT,ALT-8,ALT-8-2,2,Ap2,5,10,3.2103,1.456158731
UnivOfMinnesota,SHM,ALT,ALT-8,ALT-8-3,3,Ap3,10,23,2.3356,1.600061477
UnivOfMinnesota,SHM,ALT,ALT-8,ALT-8-4,4,BA,23,41,1.3617,1.534361518
UnivOfMinnesota,SHM,ALT,ALT-8,ALT-8-5,5,2Bw1,41,85,0.2886,2.01055097
UnivOfMinnesota,SHM,ALT,ALT-8,ALT-8-6,6,2Bw2,85,117,0.2164,1.963845693
UnivOfMinnesota,SHM,ALT,ALT-9,ALT-9-1,1,Ap1,0,5,3.0299,1.303540072
UnivOfMinnesota,SHM,ALT,ALT-9,ALT-9-2,2,Ap2,5,10,3.1923,1.483989546
UnivOfMinnesota,SHM,ALT,ALT-9,ALT-9-3,3,Ap3,10,21,2.5249,1.563935516
UnivOfMinnesota,SHM,ALT,ALT-9,ALT-9-4,4,A,21,46,1.6142,1.585815465
UnivOfMinnesota,SHM,ALT,ALT-9,ALT-9-5,5,BA,46,72,1.5871,1.755445184
UnivOfMinnesota,SHM,ALT,ALT-9,ALT-9-6,6,2Bw1,72,108,0.2976,1.925976549
UnivOfMinnesota,BAU,CON,CON-1,CON-1-1,1,Ap1,0,5,2.8666,1.123872025
UnivOfMinnesota,BAU,CON,CON-1,CON-1-2,2,Ap2,5,10,2.7633,1.350425678
UnivOfMinnesota,BAU,CON,CON-1,CON-1-3,3,Ap3,10,26,2.5997,1.257556112
UnivOfMinnesota,BAU,CON,CON-1,CON-1-4,4,Bw,26,50,0.8953,1.496732814
UnivOfMinnesota,BAU,CON,CON-1,CON-1-5,5,2BG,50,110,0.3788,1.573673296
UnivOfMinnesota,BAU,CON,CON-2,CON-2-1,1,Ap1,0,5,2.9268,1.282822983
UnivOfMinnesota,BAU,CON,CON-2,CON-2-2,2,Ap2,5,10,2.7719,1.247331105
UnivOfMinnesota,BAU,CON,CON-2,CON-2-3,3,Ap3,10,32,2.4103,1.350017571
UnivOfMinnesota,BAU,CON,CON-2,CON-2-4,4,BA,32,54,0.9641,1.624100756
UnivOfMinnesota,BAU,CON,CON-2,CON-2-5,5,Bw1,54,77,0.4218,1.962789264
UnivOfMinnesota,BAU,CON,CON-2,CON-2-6,6,Bw2,77,137,0.3099,1.883153574
UnivOfMinnesota,BAU,CON,CON-3,CON-3-1,1,Ap1,0,5,2.7626,1.15544377
UnivOfMinnesota,BAU,CON,CON-3,CON-3-2,2,Ap2,5,10,2.8407,1.22990093
UnivOfMinnesota,BAU,CON,CON-3,CON-3-3,3,Ap3,10,25,2.0488,1.307768342
UnivOfMinnesota,BAU,CON,CON-3,CON-3-4,4,BA,25,35,0.7834,1.36677587
UnivOfMinnesota,BAU,CON,CON-3,CON-3-5,5,Bw1,35,60,0.5768,1.523035213
UnivOfMinnesota,BAU,CON,CON-3,CON-3-6,6,Bw2,60,80,0.3443,1.799372603
UnivOfMinnesota,BAU,CON,CON-3,CON-3-7,7,2C1,80,110,0.1636,1.755779623
UnivOfMinnesota,BAU,CON,CON-4,CON-4-1,1,Ap1,0,5,3.1851,0.954238925
UnivOfMinnesota,BAU,CON,CON-4,CON-4-2,2,Ap2,5,10,2.7977,1.180452282
UnivOfMinnesota,BAU,CON,CON-4,CON-4-3,3,Ap3,10,25,2.5739,1.440389239
UnivOfMinnesota,BAU,CON,CON-4,CON-4-4,4,AB,25,47,1.0072,1.480253165
UnivOfMinnesota,BAU,CON,CON-4,CON-4-5,5,Bw,47,110,0.3013,1.72697668
UnivOfMinnesota,BAU,CON,CON-5,CON-5-1,1,Ap1,0,5,3.1334,0.965038055
UnivOfMinnesota,BAU,CON,CON-5,CON-5-2,2,Ap2,5,10,2.9957,1.062167073
UnivOfMinnesota,BAU,CON,CON-5,CON-5-3,3,Ap3,10,22,2.5653,1.540044369
UnivOfMinnesota,BAU,CON,CON-5,CON-5-4,4,AB,22,53,0.9469,1.370163316
UnivOfMinnesota,BAU,CON,CON-5,CON-5-5,5,Bw1,53,80,0.4735,1.667739346
UnivOfMinnesota,BAU,CON,CON-5,CON-5-6,6,Bw2,80,110,0.1894,1.710241186
UnivOfMinnesota,BAU,CON,CON-6,CON-6-1,1,Ap1,0,5,3.1678,1.175021141
UnivOfMinnesota,BAU,CON,CON-6,CON-6-2,2,Ap2,5,10,2.9785,1.271518631
UnivOfMinnesota,BAU,CON,CON-6,CON-6-3,3,Ap3,10,25,2.4964,1.172368723
UnivOfMinnesota,BAU,CON,CON-6,CON-6-4,4,AB,25,42,1.0158,1.609512458
UnivOfMinnesota,BAU,CON,CON-6,CON-6-5,5,Bw,42,87,0.3443,1.806991287
UnivOfMinnesota,BAU,CON,CON-6,CON-6-6,6,2BC,87,110,0.40202,2.259860072
UnivOfMinnesota,BAU,CON,CON-7,CON-7-1,1,Ap1,0,5,2.5308,0.969963974
UnivOfMinnesota,BAU,CON,CON-7,CON-7-2,2,Ap2,5,10,2.7374,1.352227919
UnivOfMinnesota,BAU,CON,CON-7,CON-7-3,3,Ap3,10,20,2.66,1.443736337
UnivOfMinnesota,BAU,CON,CON-7,CON-7-4,4,BA,20,34,0.9297,1.388288172
UnivOfMinnesota,BAU,CON,CON-7,CON-7-5,5,2Bw1,34,70,0.6628,1.46021922
UnivOfMinnesota,BAU,CON,CON-7,CON-7-6,6,2Bw2,70,83,0.2755,2.110314223
UnivOfMinnesota,BAU,CON,CON-7,CON-7-7,7,2Bw3,83,103,1.1105,2.056381725
UnivOfMinnesota,BAU,CON,CON-8,CON-8-1,1,Ap1,0,5,2.6858,0.981205174
UnivOfMinnesota,BAU,CON,CON-8,CON-8-2,2,Ap2,5,10,2.6255,1.391003743
UnivOfMinnesota,BAU,CON,CON-8,CON-8-3,3,Ap3,10,22,2.0229,1.229079944
UnivOfMinnesota,BAU,CON,CON-8,CON-8-4,4,BA,22,39,1.076,1.576483539
UnivOfMinnesota,BAU,CON,CON-8,CON-8-5,5,2Bw1,39,65,0.5251,1.767836547
UnivOfMinnesota,BAU,CON,CON-8,CON-8-6,6,2Bw2,65,96,0.396,1.745669911
UnivOfMinnesota,BAU,CON,CON-8,CON-8-7,7,2Bw3,96,142,1.5323,1.775414884
UnivOfMinnesota,BAU,CON,CON-9,CON-9-1,1,Ap1,0,5,3.1162,1.414054518
UnivOfMinnesota,BAU,CON,CON-9,CON-9-2,2,Ap2,5,10,3.2281,1.230658764
UnivOfMinnesota,BAU,CON,CON-9,CON-9-3,3,Ap3,10,20,2.6772,1.408370765
UnivOfMinnesota,BAU,CON,CON-9,CON-9-4,4,A,20,29,2.4505,1.3499257113333334
UnivOfMinnesota,BAU,CON,CON-9,CON-9-5,5,BA,29,45,1.0416,1.523308875
UnivOfMinnesota,BAU,CON,CON-9,CON-9-6,6,2Bw1,45,63,0.6628,1.824105698
UnivOfMinnesota,BAU,CON,CON-9,CON-9-7,7,2Bw2,63,102,0.3357,1.696979096
UnivOfMinnesota,Ref,REF,REF-1,REF-1-1,1,Ap1,0,5,5.7713,0.777339307
UnivOfMinnesota,Ref,REF,REF-1,REF-1-2,2,Ap2,5,10,5.3114,0.982794438
UnivOfMinnesota,Ref,REF,REF-1,REF-1-3,3,Ap3,10,24,4.3465,0.98225345
UnivOfMinnesota,Ref,REF,REF-1,REF-1-4,4,2AB,24,42,4.2112,0.950335172
UnivOfMinnesota,Ref,REF,REF-1,REF-1-5,5,2A/Bt1,42,70,3.4808,1.016696338
UnivOfMinnesota,Ref,REF,REF-1,REF-1-6,6,2A/Bt2,70,92,1.7855,1.272162782
UnivOfMinnesota,Ref,REF,REF-1,REF-1-7,7,3Bt3,92,161,0.532,1.514284861
UnivOfMinnesota,Ref,REF,REF-2,REF-2-1,1,Ap1,0,5,5.7533,0.608430905
UnivOfMinnesota,Ref,REF,REF-2,REF-2-2,2,Ap2,5,10,4.9958,0.97744467
UnivOfMinnesota,Ref,REF,REF-2,REF-2-3,3,Ap3,10,26,4.7974,0.884094226
UnivOfMinnesota,Ref,REF,REF-2,REF-2-4,4,A,26,62,4.0579,1.145271096
UnivOfMinnesota,Ref,REF,REF-2,REF-2-5,5,AB,62,100,1.6502,1.518011666
UnivOfMinnesota,Ref,REF,REF-3,REF-3-1,1,Ap1,0,5,5.9246,0.928094564
UnivOfMinnesota,Ref,REF,REF-3,REF-3-2,2,Ap2,5,10,4.4187,0.758524955
UnivOfMinnesota,Ref,REF,REF-3,REF-3-3,3,Ap3,10,36,4.1571,0.784792916
UnivOfMinnesota,Ref,REF,REF-3,REF-3-4,4,A,36,62,3.8055,1.070494565
UnivOfMinnesota,Ref,REF,REF-3,REF-3-5,5,AB,62,83,1.7584,1.208206006
UnivOfMinnesota,Ref,REF,REF-3,REF-3-6,6,Bt1,83,93,0.9288,1.371944969
UnivOfMinnesota,Ref,REF,REF-3,REF-3-7,7,Bt2,93,150,0.2435,1.479541425
UnivOfMinnesota,Ref,REF,REF-4,REF-4-1,1,Ap1,0,5,6.3845,0.731535676
UnivOfMinnesota,Ref,REF,REF-4,REF-4-2,2,Ap2,5,10,5.2573,0.923225674
UnivOfMinnesota,Ref,REF,REF-4,REF-4-3,3,Ap3,10,29,4.608,0.822301401
UnivOfMinnesota,Ref,REF,REF-4,REF-4-4,4,AB,29,51,3.3456,0.954061977
UnivOfMinnesota,Ref,REF,REF-4,REF-4-5,5,2Bw1,51,70,2.3536,1.08149465
UnivOfMinnesota,Ref,REF,REF-4,REF-4-6,6,2Bw2,70,130,0.4238,1.16612918
UnivOfMinnesota,Ref,REF,REF-5,REF-5-1,1,Ap1,0,5,7.0157,0.772951295
UnivOfMinnesota,Ref,REF,REF-5,REF-5-2,2,Ap2,5,10,4.8425,0.980630487
UnivOfMinnesota,Ref,REF,REF-5,REF-5-3,3,Ap3,10,42,4.2654,0.883553238
UnivOfMinnesota,Ref,REF,REF-5,REF-5-4,4,AB,42,78,2.3446,1.142385828
UnivOfMinnesota,Ref,REF,REF-5,REF-5-5,5,2Bw1,78,148,0.4779,1.242648894
UnivOfMinnesota,Ref,REF,REF-6,REF-6-1,1,Ap1,0,5,7.7732,0.790743782
UnivOfMinnesota,Ref,REF,REF-6,REF-6-2,2,Ap2,5,10,4.8876,0.928154674
UnivOfMinnesota,Ref,REF,REF-6,REF-6-3,3,Ap3,10,49,4.5359,0.958870757
UnivOfMinnesota,Ref,REF,REF-6,REF-6-4,4,AB,49,72,1.9749,1.06448359
UnivOfMinnesota,Ref,REF,REF-6,REF-6-5,5,Bw1,72,84,1.1092,1.415584649
UnivOfMinnesota,Ref,REF,REF-6,REF-6-6,6,2Bw2,84,133,0.496,1.593269075
UnivOfMinnesota,Ref,REF,REF-7,REF-7-1,1,Ap1,0,5,6.2763,0.574288566
UnivOfMinnesota,Ref,REF,REF-7,REF-7-2,2,Ap2,5,10,4.8245,0.795071684
UnivOfMinnesota,Ref,REF,REF-7,REF-7-3,3,Ap3,10,35,4.0309,0.784372148
UnivOfMinnesota,Ref,REF,REF-7,REF-7-4,4,A,35,60,3.4989,1.13475189
UnivOfMinnesota,Ref,REF,REF-7,REF-7-5,5,Bw1,60,80,2.9848,1.336540326
UnivOfMinnesota,Ref,REF,REF-7,REF-7-6,6,2Bw2,80,132,0.2918,1.840560593
UnivOfMinnesota,Ref,REF,REF-8,REF-8-1,1,Ap1,0,5,6.665,0.664513303
UnivOfMinnesota,Ref,REF,REF-8,REF-8-2,2,Ap2,5,10,5.4797,0.895875737
UnivOfMinnesota,Ref,REF,REF-8,REF-8-3,3,Ap3,10,33,4.4494,0.981712462
UnivOfMinnesota,Ref,REF,REF-8,REF-8-4,4,A,33,52,3.1091,1.065625676
UnivOfMinnesota,Ref,REF,REF-8,REF-8-5,5,Bw1,52,72,2.17,1.201413604
UnivOfMinnesota,Ref,REF,REF-8,REF-8-6,6,2Bw2,72,115,0.6747,1.421836063
UnivOfMinnesota,Ref,REF,REF-9,REF-9-1,1,Ap1,0,5,6.8382,0.593523687
UnivOfMinnesota,Ref,REF,REF-9,REF-9-2,2,Ap2,5,10,5.2882,0.924608198
UnivOfMinnesota,Ref,REF,REF-9,REF-9-3,3,Ap3,10,25,3.957,0.909039773
UnivOfMinnesota,Ref,REF,REF-9,REF-9-4,4,A,25,52,3.6015,0.967466451
UnivOfMinnesota,Ref,REF,REF-9,REF-9-5,5,Bw1,52,71,1.705,1.146172743
UnivOfMinnesota,Ref,REF,REF-9,REF-9-6,6,2Bw2,71,126,0.3647,1.538509091
Illinois,Ref,IL-019-SW-ARBRTM,IL-019-SW-ARBRTM-001,IL-019-SW-ARBRTM-001-1-061920,1,,0,5,5.4558,1.133035004
Illinois,Ref,IL-019-SW-ARBRTM,IL-019-SW-ARBRTM-001,IL-019-SW-ARBRTM-001-2-061920,2,,5,10,2.620994117647059,1.387331842
Illinois,Ref,IL-019-SW-ARBRTM,IL-019-SW-ARBRTM-001,IL-019-SW-ARBRTM-001-3-061920,3,,10,20,2.7988,1.401303885
Illinois,Ref,IL-019-SW-ARBRTM,IL-019-SW-ARBRTM-001,IL-019-SW-ARBRTM-001-4-061920,4,,20,30,2.3437,1.505640297
Illinois,Ref,IL-019-SW-ARBRTM,IL-019-SW-ARBRTM-001,IL-019-SW-ARBRTM-001-5-061920,5,,30,50,1.1163,1.47094083
Illinois,Ref,IL-019-SW-ARBRTM,IL-019-SW-ARBRTM-001,IL-019-SW-ARBRTM-001-6-061920,6,,50,100,0.4766,1.608168063
Illinois,Ref,IL-019-SW-ARBRTM,IL-019-SW-ARBRTM-002,IL-019-SW-ARBRTM-002-1-061920,1,,0,5,5.707,0.994371983
Illinois,Ref,IL-019-SW-ARBRTM,IL-019-SW-ARBRTM-002,IL-019-SW-ARBRTM-002-2-061920,2,,5,10,4.253,1.195271529
Illinois,Ref,IL-019-SW-ARBRTM,IL-019-SW-ARBRTM-002,IL-019-SW-ARBRTM-002-3-061920,3,,10,20,3.1905,1.388169626
Illinois,Ref,IL-019-SW-ARBRTM,IL-019-SW-ARBRTM-002,IL-019-SW-ARBRTM-002-4-061920,4,,20,30,2.2414,1.318460552
Illinois,Ref,IL-019-SW-ARBRTM,IL-019-SW-ARBRTM-002,IL-019-SW-ARBRTM-002-5-061920,5,,30,50,1.2981,1.462408937
Illinois,Ref,IL-019-SW-ARBRTM,IL-019-SW-ARBRTM-002,IL-019-SW-ARBRTM-002-6-061920,6,,50,100,0.4478,1.62427423
Illinois,Ref,IL-019-SW-ARBRTM,IL-019-SW-ARBRTM-003,IL-019-SW-ARBRTM-003-1-061920,1,,0,5,5.8616,1.035571668
Illinois,Ref,IL-019-SW-ARBRTM,IL-019-SW-ARBRTM-003,IL-019-SW-ARBRTM-003-2-061920,2,,5,10,3.8759,1.304833526
Illinois,Ref,IL-019-SW-ARBRTM,IL-019-SW-ARBRTM-003,IL-019-SW-ARBRTM-003-3-061920,3,,10,20,2.2837,1.470932253
Illinois,Ref,IL-019-SW-ARBRTM,IL-019-SW-ARBRTM-003,IL-019-SW-ARBRTM-003-4-061920,4,,20,30,1.3411,1.376170464
Illinois,Ref,IL-019-SW-ARBRTM,IL-019-SW-ARBRTM-003,IL-019-SW-ARBRTM-003-5-061920,5,,30,50,1.3471,1.559880307
Illinois,Ref,IL-019-SW-ARBRTM,IL-019-SW-ARBRTM-003,IL-019-SW-ARBRTM-003-6-061920,6,,50,100,0.5185,1.756635779
Illinois,SHM,IL-019-SW-RTHRML,IL-019-SW-RTHRML-001,IL-019-SW-RTHRML-001-1-010820,1,,0,5,3.2561,1.0805353862666667
Illinois,SHM,IL-019-SW-RTHRML,IL-019-SW-RTHRML-001,IL-019-SW-RTHRML-001-2-010820,2,,5,10,2.3027,1.5097717475333334
Illinois,SHM,IL-019-SW-RTHRML,IL-019-SW-RTHRML-001,IL-019-SW-RTHRML-001-3-010820,3,,10,20,1.9708,1.5482508774
Illinois,SHM,IL-019-SW-RTHRML,IL-019-SW-RTHRML-001,IL-019-SW-RTHRML-001-4-010820,4,,20,30,1.2655,1.5490122222666667
Illinois,SHM,IL-019-SW-RTHRML,IL-019-SW-RTHRML-001,IL-019-SW-RTHRML-001-5-010820,5,,30,40,0.7462,1.554935408
Illinois,SHM,IL-019-SW-RTHRML,IL-019-SW-RTHRML-001,IL-019-SW-RTHRML-001-6-010820,6,,40,100,0.4951,1.5973935088333333
Illinois,SHM,IL-019-SW-RTHRML,IL-019-SW-RTHRML-002,IL-019-SW-RTHRML-002-1-010820,1,,0,5,2.8098,1.0805353862666667
Illinois,SHM,IL-019-SW-RTHRML,IL-019-SW-RTHRML-002,IL-019-SW-RTHRML-002-2-010820,2,,5,10,2.1892,1.5097717475333334
Illinois,SHM,IL-019-SW-RTHRML,IL-019-SW-RTHRML-002,IL-019-SW-RTHRML-002-3-010820,3,,10,20,2.0271,1.5482508774
Illinois,SHM,IL-019-SW-RTHRML,IL-019-SW-RTHRML-002,IL-019-SW-RTHRML-002-4-010820,4,,20,30,1.2406,1.5490122222666667
Illinois,SHM,IL-019-SW-RTHRML,IL-019-SW-RTHRML-002,IL-019-SW-RTHRML-002-5-010820,5,,30,40,0.7818,1.554935408
Illinois,SHM,IL-019-SW-RTHRML,IL-019-SW-RTHRML-002,IL-019-SW-RTHRML-002-6-010820,6,,40,100,2.3007,1.5973935088333333
Illinois,SHM,IL-019-SW-RTHRML,IL-019-SW-RTHRML-003,IL-019-SW-RTHRML-003-1-010820,1,,0,5,3.9814,1.0805353862666667
Illinois,SHM,IL-019-SW-RTHRML,IL-019-SW-RTHRML-003,IL-019-SW-RTHRML-003-2-010820,2,,5,10,3.2604,1.5097717475333334
Illinois,SHM,IL-019-SW-RTHRML,IL-019-SW-RTHRML-003,IL-019-SW-RTHRML-003-3-010820,3,,10,20,3.0583,1.5482508774
Illinois,SHM,IL-019-SW-RTHRML,IL-019-SW-RTHRML-003,IL-019-SW-RTHRML-003-4-010820,4,,20,30,2.7106,1.5490122222666667
Illinois,SHM,IL-019-SW-RTHRML,IL-019-SW-RTHRML-003,IL-019-SW-RTHRML-003-5-010820,5,,30,40,1.6805,1.554935408
Illinois,SHM,IL-019-SW-RTHRML,IL-019-SW-RTHRML-003,IL-019-SW-RTHRML-003-6-010820,6,,40,100,0.566,1.5973935088333333
Illinois,SHM,IL-019-SW-RTHRML,IL-019-SW-RTHRML-004,IL-019-SW-RTHRML-004-1-010820,1,,0,5,2.4014,1.0805353862666667
Illinois,SHM,IL-019-SW-RTHRML,IL-019-SW-RTHRML-004,IL-019-SW-RTHRML-004-2-010820,2,,5,10,1.9403,1.5097717475333334
Illinois,SHM,IL-019-SW-RTHRML,IL-019-SW-RTHRML-004,IL-019-SW-RTHRML-004-3-010820,3,,10,20,1.7932,1.5482508774
Illinois,SHM,IL-019-SW-RTHRML,IL-019-SW-RTHRML-004,IL-019-SW-RTHRML-004-4-010820,4,,20,30,1.6582,1.5490122222666667
Illinois,SHM,IL-019-SW-RTHRML,IL-019-SW-RTHRML-004,IL-019-SW-RTHRML-004-5-010820,5,,30,40,1.1604,1.554935408
Illinois,SHM,IL-019-SW-RTHRML,IL-019-SW-RTHRML-004,IL-019-SW-RTHRML-004-6-010820,6,,40,100,0.4263,1.5973935088333333
Illinois,BAU,IL-115-SW-ETAL,IL-115-SW-ETAL-001,IL-115-SW-ETAL-001-1-051220,1,,0,5,2.6549,1.059745323
Illinois,BAU,IL-115-SW-ETAL,IL-115-SW-ETAL-001,IL-115-SW-ETAL-001-2-051220,2,,5,10,2.4984,1.577562333
Illinois,BAU,IL-115-SW-ETAL,IL-115-SW-ETAL-001,IL-115-SW-ETAL-001-3-051220,3,,10,20,2.0329,1.517352536
Illinois,BAU,IL-115-SW-ETAL,IL-115-SW-ETAL-001,IL-115-SW-ETAL-001-4-051220,4,,20,30,2.0891,1.578291924
Illinois,BAU,IL-115-SW-ETAL,IL-115-SW-ETAL-001,IL-115-SW-ETAL-001-5-051220,5,,30,50,1.7621,1.478370287
Illinois,BAU,IL-115-SW-ETAL,IL-115-SW-ETAL-001,IL-115-SW-ETAL-001-6-051220,6,,50,100,0.756,1.542211322
Illinois,BAU,IL-115-SW-ETAL,IL-115-SW-ETAL-002,IL-115-SW-ETAL-002-1-051220,1,,0,5,2.3544,1.008040096
Illinois,BAU,IL-115-SW-ETAL,IL-115-SW-ETAL-002,IL-115-SW-ETAL-002-2-051220,2,,5,10,2.029,1.522847525
Illinois,BAU,IL-115-SW-ETAL,IL-115-SW-ETAL-002,IL-115-SW-ETAL-002-3-051220,3,,10,20,1.5743,1.536589828
Illinois,BAU,IL-115-SW-ETAL,IL-115-SW-ETAL-002,IL-115-SW-ETAL-002-4-051220,4,,20,30,1.6515,1.601544033
Illinois,BAU,IL-115-SW-ETAL,IL-115-SW-ETAL-002,IL-115-SW-ETAL-002-5-051220,5,,30,50,1.3775,1.490996178
Illinois,BAU,IL-115-SW-ETAL,IL-115-SW-ETAL-002,IL-115-SW-ETAL-002-6-051220,6,,50,100,0.5047,1.547465262
Illinois,BAU,IL-115-SW-ETAL,IL-115-SW-ETAL-003,IL-115-SW-ETAL-003-1-051220,1,,0,5,2.5469,1.061123714
Illinois,BAU,IL-115-SW-ETAL,IL-115-SW-ETAL-003,IL-115-SW-ETAL-003-2-051220,2,,5,10,2.3649,1.422961803
Illinois,BAU,IL-115-SW-ETAL,IL-115-SW-ETAL-003,IL-115-SW-ETAL-003-3-051220,3,,10,20,1.9489,1.553405381
Illinois,BAU,IL-115-SW-ETAL,IL-115-SW-ETAL-003,IL-115-SW-ETAL-003-4-051220,4,,20,30,1.7361,1.520182194
Illinois,BAU,IL-115-SW-ETAL,IL-115-SW-ETAL-003,IL-115-SW-ETAL-003-5-051220,5,,30,50,1.1333,1.622686839
Illinois,BAU,IL-115-SW-ETAL,IL-115-SW-ETAL-003,IL-115-SW-ETAL-003-6-051220,6,,50,100,0.4033,1.594135287
Illinois,BAU,IL-115-SW-WDFLD,IL-115-SW-WDFLD-001,IL-115-SW-WDFLD-001-1-051220,1,,0,5,2.5792,1.019267248
Illinois,BAU,IL-115-SW-WDFLD,IL-115-SW-WDFLD-001,IL-115-SW-WDFLD-001-2-051220,2,,5,10,2.6935,1.656952954
Illinois,BAU,IL-115-SW-WDFLD,IL-115-SW-WDFLD-001,IL-115-SW-WDFLD-001-3-051220,3,,10,20,2.1485,1.524652906
Illinois,BAU,IL-115-SW-WDFLD,IL-115-SW-WDFLD-001,IL-115-SW-WDFLD-001-4-051220,4,,20,30,1.8252,1.62548793
Illinois,BAU,IL-115-SW-WDFLD,IL-115-SW-WDFLD-001,IL-115-SW-WDFLD-001-5-051220,5,,30,50,0.9631,1.584755248
Illinois,BAU,IL-115-SW-WDFLD,IL-115-SW-WDFLD-001,IL-115-SW-WDFLD-001-6-051220,6,,50,100,0.5345,1.602585594
Illinois,BAU,IL-115-SW-WDFLD,IL-115-SW-WDFLD-002,IL-115-SW-WDFLD-002-1-051220,1,,0,5,3.1046,0.926176463
Illinois,BAU,IL-115-SW-WDFLD,IL-115-SW-WDFLD-002,IL-115-SW-WDFLD-002-2-051220,2,,5,10,2.4034,1.515364479
Illinois,BAU,IL-115-SW-WDFLD,IL-115-SW-WDFLD-002,IL-115-SW-WDFLD-002-3-051220,3,,10,20,2.0947,1.681043535
Illinois,BAU,IL-115-SW-WDFLD,IL-115-SW-WDFLD-002,IL-115-SW-WDFLD-002-4-051220,4,,20,30,2.1559,1.511683267
Illinois,BAU,IL-115-SW-WDFLD,IL-115-SW-WDFLD-002,IL-115-SW-WDFLD-002-5-051220,5,,30,50,1.2658,1.569032727
Illinois,BAU,IL-115-SW-WDFLD,IL-115-SW-WDFLD-002,IL-115-SW-WDFLD-002-6-051220,6,,50,100,0.5481,1.620441523
Illinois,BAU,IL-115-SW-WDFLD,IL-115-SW-WDFLD-003,IL-115-SW-WDFLD-003-1-051220,1,,0,5,2.7563,0.934091939
Illinois,BAU,IL-115-SW-WDFLD,IL-115-SW-WDFLD-003,IL-115-SW-WDFLD-003-2-051220,2,,5,10,2.5989,1.455328051
Illinois,BAU,IL-115-SW-WDFLD,IL-115-SW-WDFLD-003,IL-115-SW-WDFLD-003-3-051220,3,,10,20,2.2961,1.503943493
Illinois,BAU,IL-115-SW-WDFLD,IL-115-SW-WDFLD-003,IL-115-SW-WDFLD-003-4-051220,4,,20,30,1.9841,1.600976084
Illinois,BAU,IL-115-SW-WDFLD,IL-115-SW-WDFLD-003,IL-115-SW-WDFLD-003-5-051220,5,,30,50,1.138,1.581240828
Illinois,BAU,IL-115-SW-WDFLD,IL-115-SW-WDFLD-003,IL-115-SW-WDFLD-003-6-051220,6,,50,100,0.5738,1.588602416
Illinois,BAU,IL-147-SW-CRP,IL-147-SW-CRP-001,IL-147-SW-CRP-001-1-051220,1,,0,5,2.5714,1.447685892
Illinois,BAU,IL-147-SW-CRP,IL-147-SW-CRP-001,IL-147-SW-CRP-001-2-051220,2,,5,10,2.6715,1.888319016
Illinois,BAU,IL-147-SW-CRP,IL-147-SW-CRP-001,IL-147-SW-CRP-001-3-051220,3,,10,20,1.9202,1.777285093
Illinois,BAU,IL-147-SW-CRP,IL-147-SW-CRP-001,IL-147-SW-CRP-001-4-051220,4,,20,30,2.2045,1.411527091
Illinois,BAU,IL-147-SW-CRP,IL-147-SW-CRP-001,IL-147-SW-CRP-001-5-051220,5,,30,50,1.3573,1.580779661
Illinois,BAU,IL-147-SW-CRP,IL-147-SW-CRP-001,IL-147-SW-CRP-001-6-051220,6,,50,100,0.5528,1.615054336
Illinois,BAU,IL-147-SW-CRP,IL-147-SW-CRP-002,IL-147-SW-CRP-002-1-051220,1,,0,5,2.4815,1.052235458
Illinois,BAU,IL-147-SW-CRP,IL-147-SW-CRP-002,IL-147-SW-CRP-002-2-051220,2,,5,10,2.0058,1.538188252
Illinois,BAU,IL-147-SW-CRP,IL-147-SW-CRP-002,IL-147-SW-CRP-002-3-051220,3,,10,20,1.8113,1.489643023
Illinois,BAU,IL-147-SW-CRP,IL-147-SW-CRP-002,IL-147-SW-CRP-002-4-051220,4,,20,30,1.5634,1.609299136
Illinois,BAU,IL-147-SW-CRP,IL-147-SW-CRP-002,IL-147-SW-CRP-002-5-051220,5,,30,50,1.5689,1.539130753
Illinois,BAU,IL-147-SW-CRP,IL-147-SW-CRP-002,IL-147-SW-CRP-002-6-051220,6,,50,100,0.5571,1.569279905
Illinois,BAU,IL-147-SW-CRP,IL-147-SW-CRP-003,IL-147-SW-CRP-003-1-051220,1,,0,5,2.1583,1.255692801
Illinois,BAU,IL-147-SW-CRP,IL-147-SW-CRP-003,IL-147-SW-CRP-003-2-051220,2,,5,10,1.7914,1.630885247
Illinois,BAU,IL-147-SW-CRP,IL-147-SW-CRP-003,IL-147-SW-CRP-003-3-051220,3,,10,20,1.7363,1.651329895
Illinois,BAU,IL-147-SW-CRP,IL-147-SW-CRP-003,IL-147-SW-CRP-003-4-051220,4,,20,30,0.9802,1.619216887
Illinois,BAU,IL-147-SW-CRP,IL-147-SW-CRP-003,IL-147-SW-CRP-003-5-051220,5,,30,50,0.746,1.580593012
Illinois,BAU,IL-147-SW-CRP,IL-147-SW-CRP-003,IL-147-SW-CRP-003-6-051220,6,,50,100,0.3932,1.499399801
Illinois,BAU,IL-147-SW-TS,IL-147-SW-TS-001,IL-147-SW-TS-001-1-051220,1,,0,5,3.0601,1.176885435
Illinois,BAU,IL-147-SW-TS,IL-147-SW-TS-001,IL-147-SW-TS-001-2-051220,2,,5,10,2.8926,1.499133067
Illinois,BAU,IL-147-SW-TS,IL-147-SW-TS-001,IL-147-SW-TS-001-3-051220,3,,10,20,2.1176,1.625939676
Illinois,BAU,IL-147-SW-TS,IL-147-SW-TS-001,IL-147-SW-TS-001-4-051220,4,,20,30,1.2362,1.499337687
Illinois,BAU,IL-147-SW-TS,IL-147-SW-TS-001,IL-147-SW-TS-001-5-051220,5,,30,50,0.7537,1.573813969
Illinois,BAU,IL-147-SW-TS,IL-147-SW-TS-001,IL-147-SW-TS-001-6-051220,6,,50,100,0.3595,1.672023687
Illinois,BAU,IL-147-SW-TS,IL-147-SW-TS-002,IL-147-SW-TS-002-1-051220,1,,0,5,3.0029,1.151373061
Illinois,BAU,IL-147-SW-TS,IL-147-SW-TS-002,IL-147-SW-TS-002-2-051220,2,,5,10,2.7491,1.523168736
Illinois,BAU,IL-147-SW-TS,IL-147-SW-TS-002,IL-147-SW-TS-002-3-051220,3,,10,20,2.447,1.57216405
Illinois,BAU,IL-147-SW-TS,IL-147-SW-TS-002,IL-147-SW-TS-002-4-051220,4,,20,30,1.7177,1.653609766
Illinois,BAU,IL-147-SW-TS,IL-147-SW-TS-002,IL-147-SW-TS-002-5-051220,5,,30,50,0.9202,1.644970098
Illinois,BAU,IL-147-SW-TS,IL-147-SW-TS-002,IL-147-SW-TS-002-6-051220,6,,50,100,0.5015,1.634516266
Illinois,BAU,IL-147-SW-TS,IL-147-SW-TS-003,IL-147-SW-TS-003-1-051220,1,,0,5,3.3031,0.952734709
Illinois,BAU,IL-147-SW-TS,IL-147-SW-TS-003,IL-147-SW-TS-003-2-051220,2,,5,10,2.8432,1.528427853
Illinois,BAU,IL-147-SW-TS,IL-147-SW-TS-003,IL-147-SW-TS-003-3-051220,3,,10,20,2.5826,1.530007981
Illinois,BAU,IL-147-SW-TS,IL-147-SW-TS-003,IL-147-SW-TS-003-4-051220,4,,20,30,1.8733,1.803756022
Illinois,BAU,IL-147-SW-TS,IL-147-SW-TS-003,IL-147-SW-TS-003-5-051220,5,,30,50,0.9032,1.584431446
Illinois,BAU,IL-147-SW-TS,IL-147-SW-TS-003,IL-147-SW-TS-003-6-051220,6,,50,100,0.6017,1.613483464
UConn,SHM,PaH2,PaH2-1,PaH2-1-1,1,Ap1,0,5,5.204555577,1.1495
UConn,SHM,PaH2,PaH2-1,PaH2-1-2,2,Ap2,5,10,4.828478964,1.349
UConn,SHM,PaH2,PaH2-1,PaH2-1-3,3,Ap2,10,19,1.056756115,1.311
UConn,SHM,PaH2,PaH2-1,PaH2-1-4,4,Bw1,19,32,0.749686681,1.162
UConn,SHM,PaH2,PaH2-1,PaH2-1-5,5,Bw2,32,41,0.603136309,1.2282
UConn,SHM,PaH2,PaH2-1,PaH2-1-6,6,Bw3,41,55,0.205852363,1.3728
UConn,SHM,PaH2,PaH2-1,PaH2-1-7,7,Cd1,55,75,0.159286397,1.5054
UConn,SHM,PaL1,PaL1-1,PaL1-1-1,1,^A,0,5,3.792445631,1.098
UConn,SHM,PaL1,PaL1-1,PaL1-1-2,2,^Bw,5,10,1.829307158,1.3005
UConn,SHM,PaL1,PaL1-1,PaL1-1-3,3,Ap,10,28,2.639056832,1.0423529411764707
UConn,SHM,PaL1,PaL1-1,PaL1-1-4,4,Bw,28,44,0.683836736,1.2640000000000002
UConn,SHM,PaL1,PaL1-1,PaL1-1-5,5,BC1,44,74,0.328016852,1.3452
UConn,SHM,PaL1,PaL1-1,PaL1-1-6,6,BC2,74,94,0.303083163,1.3832
UConn,SHM,PaL1,PaL1-1,PaL1-1-7,7,Cd,94,112,0.209386168,1.2996
UConn,SHM,PaM2,PaM2-1,PaM2-1-1,1,A,0,5,8.747855918,1.22
UConn,SHM,PaM2,PaM2-1,PaM2-1-2,2,Ap,5,10,2.805649042,1.2065
UConn,SHM,PaM2,PaM2-1,PaM2-1-3,3,Ap,10,23,1.719393259,1.311
UConn,SHM,PaM2,PaM2-1,PaM2-1-4,4,Bw1,23,52,0.498345573,1.5864999999999998
UConn,SHM,PaM2,PaM2-1,PaM2-1-5,5,Bw2,52,61,0.355003811,1.5573000000000001
UConn,SHM,PaM2,PaM2-1,PaM2-1-6,6,BC1,61,81,0.227165749,1.7388
UConn,SHM,PaM2,PaM2-1,PaM2-1-7,7,BC2,81,98,0.241033353,1.728
UConn,BAU,PaT2,PaT2-1,PaT2-1-1,1,Ap,0,5,2.450860701,1.5105
UConn,BAU,PaT2,PaT2-1,PaT2-1-2,2,Ap,5,10,2.213197213,1.3964999999999999
UConn,BAU,PaT2,PaT2-1,PaT2-1-3,3,Ap,10,19,2.121857958,1.4344999999999999
UConn,BAU,PaT2,PaT2-1,PaT2-1-4,4,Bw,19,30,0.445939031,1.557
UConn,BAU,PaT2,PaT2-1,PaT2-1-5,5,BC,30,45,0.357056565,1.5456
UConn,BAU,PaT2,PaT2-1,PaT2-1-6,6,Cd1,45,62,0.24769506,1.5979999999999999
UConn,BAU,PaT2,PaT2-1,PaT2-1-7,7,Cd2,62,80,0.241645804,1.881
UConn,BAU,PaT2,PaT2-1,PaT2-1-8,8,Cd3,80,94,0.23357184,1.773
UConn,BAU,PaT2,PaT2-1,PaT2-1-9,9,Cd4,94,116,0.232326585,1.938
UConn,Ref,PaU1,PaU1-1,PaU1-1-1,1,Oe/A,0,5,10.77628316,0.73
UConn,Ref,PaU1,PaU1-1,PaU1-1-2,2,A,5,10,6.469539688,0.99
UConn,Ref,PaU1,PaU1-1,PaU1-1-3,3,Ap,10,24,4.543040603,1.1563999999999999
UConn,Ref,PaU1,PaU1-1,PaU1-1-4,4,Bw1,24,36,1.207888611,1.143
UConn,Ref,PaU1,PaU1-1,PaU1-1-5,5,Bw2,36,70,0.492109282,1.395
UConn,Ref,PaU1,PaU1-1,PaU1-1-6,6,BC,70,97,0.278990781,1.3760000000000001
UConn,Ref,PaU1,PaU1-1,PaU1-1-7,7,Cd,97,110,0.275231394,1.746
UConn,Ref,PaU2,PaU2-1,PaU2-1-1,1,A,0,5,19.45659489,0.836
UConn,Ref,PaU2,PaU2-1,PaU2-1-2,2,A,5,10,5.857052498,1.0355
UConn,Ref,PaU2,PaU2-1,PaU2-1-3,3,Ap,10,25,3.314152209,0.9810000000000001
UConn,Ref,PaU2,PaU2-1,PaU2-1-4,4,Bw1,25,47,0.895834511,1.2926999999999997
UConn,Ref,PaU2,PaU2-1,PaU2-1-5,5,Bw2,47,66,0.521515946,1.5531
UConn,Ref,PaU2,PaU2-1,PaU2-1-6,6,BC,66,87,0.394477318,1.5853
UConn,Ref,PaU2,PaU2-1,PaU2-1-7,7,Cd,87,120,0.282204515,1.4508
UTRGV,Ref,AR2,AR2-1,AR2-1-1,1,A1,0,5,0.97,1.977215116
UTRGV,Ref,AR2,AR2-1,AR2-1-2,2,A1,5,10,0.97,1.868535299
UTRGV,Ref,AR2,AR2-1,AR2-1-3,3,A1,10,30,0.58,1.656420267
UTRGV,Ref,AR2,AR2-1,AR2-1-4,4,A1,30,50,0.9,1.4649999999999999
UTRGV,Ref,AR2,AR2-1,AR2-1-5,5,B2,50,80,0.59,1.4
UTRGV,Ref,AR2,AR2-1,AR2-1-6,6,B2ca,80,100,0.39,1.415
UTRGV,Ref,AR2,AR2-2,AR2-2-1,1,A1,0,5,1.33,2.354243757
UTRGV,Ref,AR2,AR2-2,AR2-2-2,2,A1,5,10,1.15,2.398822878
UTRGV,Ref,AR2,AR2-2,AR2-2-3,3,A1,10,30,1.4,1.491118169
UTRGV,Ref,AR2,AR2-2,AR2-2-4,4,A1,30,50,0.87,1.4649999999999999
UTRGV,Ref,AR2,AR2-2,AR2-2-5,5,B2,50,80,0.72,1.4
UTRGV,Ref,AR2,AR2-2,AR2-2-6,6,B2ca,80,100,0.7,1.415
UTRGV,Ref,AR2,AR2-3,AR2-3-1,1,A1,0,5,2.79,2.304128668
UTRGV,Ref,AR2,AR2-3,AR2-3-2,2,A1,5,10,2.04,1.800549712
UTRGV,Ref,AR2,AR2-3,AR2-3-3,3,A1,10,30,0.91,2.581218496
UTRGV,Ref,AR2,AR2-3,AR2-3-4,4,A1,30,50,0.43,1.4649999999999999
UTRGV,Ref,AR2,AR2-3,AR2-3-5,5,B2,50,80,0.9,1.4
UTRGV,Ref,AR2,AR2-3,AR2-3-6,6,B2ca,80,100,0.73,1.415
UTRGV,Ref,AR3,AR3-1,AR3-1-1,1,A1,0,5,3.17,0.887988889
UTRGV,Ref,AR3,AR3-1,AR3-1-2,2,A1,5,10,2.16,1.305614638
UTRGV,Ref,AR3,AR3-1,AR3-1-3,3,A1,10,30,3.47,1.321639812
UTRGV,Ref,AR3,AR3-1,AR3-1-4,4,A1,30,50,2.38,1.4649999999999999
UTRGV,Ref,AR3,AR3-1,AR3-1-5,5,B2,50,80,1.16,1.4
UTRGV,Ref,AR3,AR3-1,AR3-1-6,6,B2ca,80,100,1.11,1.415
UTRGV,Ref,AR3,AR3-2,AR3-2-1,1,A1,0,5,3.45,1.842895021
UTRGV,Ref,AR3,AR3-2,AR3-2-2,2,A1,5,10,1.91,1.342035488
UTRGV,Ref,AR3,AR3-2,AR3-2-3,3,A1,10,30,1.4,1.677204433
UTRGV,Ref,AR3,AR3-2,AR3-2-4,4,A1,30,50,1.03,1.4649999999999999
UTRGV,Ref,AR3,AR3-2,AR3-2-5,5,B2,50,80,0.43,1.4
UTRGV,Ref,AR3,AR3-2,AR3-2-6,6,B2ca,80,100,0.62,1.415
UTRGV,Ref,AR3,AR3-3,AR3-3-1,1,A1,0,5,8.83,1.156531958
UTRGV,Ref,AR3,AR3-3,AR3-3-2,2,A1,5,10,2.93,1.545021027
UTRGV,Ref,AR3,AR3-3,AR3-3-3,3,A1,10,30,2.58,1.302409603
UTRGV,Ref,AR3,AR3-3,AR3-3-4,4,A1,30,50,1.45,1.4649999999999999
UTRGV,Ref,AR3,AR3-3,AR3-3-5,5,B2,50,80,0.57,1.4
UTRGV,Ref,AR3,AR3-3,AR3-3-6,6,B2ca,80,100,0.22,1.415
UTRGV,BAU,AX1,AX1-1,AX1-1-1,1,Ap,0,5,1.45,1.468682925
UTRGV,BAU,AX1,AX1-1,AX1-1-2,2,Ap,5,10,1.3,1.657294368
UTRGV,BAU,AX1,AX1-1,AX1-1-3,3,Ap,10,30,1.21,1.32280528
UTRGV,BAU,AX1,AX1-1,AX1-1-4,4,A1,30,50,1.29,1.4649999999999999
UTRGV,BAU,AX1,AX1-1,AX1-1-5,5,B2,50,80,1.05,1.4
UTRGV,BAU,AX1,AX1-1,AX1-1-6,6,B2ca,80,100,1.01,1.415
UTRGV,BAU,AX1,AX1-2,AX1-2-1,1,Ap,0,5,1.87,1.576974253
UTRGV,BAU,AX1,AX1-2,AX1-2-2,2,Ap,5,10,1.83,1.945553257
UTRGV,BAU,AX1,AX1-2,AX1-2-3,3,Ap,10,30,1.84,1.960898575
UTRGV,BAU,AX1,AX1-2,AX1-2-4,4,A1,30,50,1.67,1.4649999999999999
UTRGV,BAU,AX1,AX1-2,AX1-2-5,5,B2,50,80,1.56,1.4
UTRGV,BAU,AX1,AX1-2,AX1-2-6,6,B2ca,80,100,1.45,1.415
UTRGV,BAU,AX1,AX1-3,AX1-3-1,1,Ap,0,5,1.92,1.462175733
UTRGV,BAU,AX1,AX1-3,AX1-3-2,2,Ap,5,10,1.65,1.793459787
UTRGV,BAU,AX1,AX1-3,AX1-3-3,3,Ap,10,30,1.42,1.6303915
UTRGV,BAU,AX1,AX1-3,AX1-3-4,4,A1,30,50,1.21,1.4649999999999999
UTRGV,BAU,AX1,AX1-3,AX1-3-5,5,B2,50,80,2.13,1.4
UTRGV,BAU,AX1,AX1-3,AX1-3-6,6,B2ca,80,100,1.21,1.415
UTRGV,BAU,AX2,AX2-1,AX2-1-1,1,Ap,0,5,1.35,1.856880627
UTRGV,BAU,AX2,AX2-1,AX2-1-2,2,Ap,5,10,1.25,0.680341482
UTRGV,BAU,AX2,AX2-1,AX2-1-3,3,Ap,10,30,1.24,1.59571885
UTRGV,BAU,AX2,AX2-1,AX2-1-4,4,A1,30,50,1.16,1.4649999999999999
UTRGV,BAU,AX2,AX2-1,AX2-1-5,5,B2,50,80,1.05,1.4
UTRGV,BAU,AX2,AX2-1,AX2-1-6,6,B2ca,80,100,0.71,1.415
UTRGV,BAU,AX2,AX2-2,AX2-2-1,1,Ap,0,5,0.94,1.208201004
UTRGV,BAU,AX2,AX2-2,AX2-2-2,2,Ap,5,10,0.99,1.751308723
UTRGV,BAU,AX2,AX2-2,AX2-2-3,3,Ap,10,30,1.25,1.614366326
UTRGV,BAU,AX2,AX2-2,AX2-2-4,4,A1,30,50,0.98,1.4649999999999999
UTRGV,BAU,AX2,AX2-2,AX2-2-5,5,B2,50,80,0.93,1.4
UTRGV,BAU,AX2,AX2-2,AX2-2-6,6,B2ca,80,100,0.82,1.415
UTRGV,BAU,AX2,AX2-3,AX2-3-1,1,Ap,0,5,1.92,1.413614599
UTRGV,BAU,AX2,AX2-3,AX2-3-2,2,Ap,5,10,1.77,1.777628857
UTRGV,BAU,AX2,AX2-3,AX2-3-3,3,Ap,10,30,1.65,1.650981421
UTRGV,BAU,AX2,AX2-3,AX2-3-4,4,A1,30,50,1.48,1.4649999999999999
UTRGV,BAU,AX2,AX2-3,AX2-3-5,5,B2,50,80,1.22,1.4
UTRGV,BAU,AX2,AX2-3,AX2-3-6,6,B2ca,80,100,1.09,1.415
UTRGV,BAU,AX3,AX3-1,AX3-1-1,1,Ap,0,5,1.36,1.668560551
UTRGV,BAU,AX3,AX3-1,AX3-1-2,2,Ap,5,10,1.29,1.815506541
UTRGV,BAU,AX3,AX3-1,AX3-1-3,3,Ap,10,30,1.43,1.886891408
UTRGV,BAU,AX3,AX3-1,AX3-1-4,4,A1,30,50,1.77,1.4649999999999999
UTRGV,BAU,AX3,AX3-1,AX3-1-5,5,B2,50,80,1.63,1.4
UTRGV,BAU,AX3,AX3-1,AX3-1-6,6,B2ca,80,100,1.49,1.415
UTRGV,BAU,AX3,AX3-2,AX3-2-1,1,Ap,0,5,2.3,1.639132504
UTRGV,BAU,AX3,AX3-2,AX3-2-2,2,Ap,5,10,2.04,1.442557035
UTRGV,BAU,AX3,AX3-2,AX3-2-3,3,Ap,10,30,1.97,1.626700854
UTRGV,BAU,AX3,AX3-2,AX3-2-4,4,A1,30,50,1.71,1.4649999999999999
UTRGV,BAU,AX3,AX3-2,AX3-2-5,5,B2,50,80,1.64,1.4
UTRGV,BAU,AX3,AX3-2,AX3-2-6,6,B2ca,80,100,1.33,1.415
UTRGV,BAU,AX3,AX3-3,AX3-3-1,1,Ap,0,5,1.22,2.010625176
UTRGV,BAU,AX3,AX3-3,AX3-3-2,2,Ap,5,10,1.21,1.592513816
UTRGV,BAU,AX3,AX3-3,AX3-3-3,3,Ap,10,30,1,1.862513719
UTRGV,BAU,AX3,AX3-3,AX3-3-4,4,A1,30,50,0.91,1.4649999999999999
UTRGV,BAU,AX3,AX3-3,AX3-3-5,5,B2,50,80,0.66,1.4
UTRGV,BAU,AX3,AX3-3,AX3-3-6,6,B2ca,80,100,0.42,1.415
UTRGV,BAU,AY1,AY1-1,AY1-1-1,1,Ap,0,5,0.94,1.748783544
UTRGV,BAU,AY1,AY1-1,AY1-1-2,2,Ap,5,10,0.87,2.028107184
UTRGV,BAU,AY1,AY1-1,AY1-1-3,3,Ap,10,30,0.64,2.031117974
UTRGV,BAU,AY1,AY1-1,AY1-1-4,4,A1,30,50,0.6,1.4649999999999999
UTRGV,BAU,AY1,AY1-1,AY1-1-5,5,B2,50,80,0.54,1.4
UTRGV,BAU,AY1,AY1-1,AY1-1-6,6,B2ca,80,100,0.34,1.415
UTRGV,BAU,AY1,AY1-2,AY1-2-1,1,Ap,0,5,0.96,1.113603916
UTRGV,BAU,AY1,AY1-2,AY1-2-2,2,Ap,5,10,0.85,1.741305129
UTRGV,BAU,AY1,AY1-2,AY1-2-3,3,Ap,10,30,0.31,1.308236939
UTRGV,BAU,AY1,AY1-2,AY1-2-4,4,A1,30,50,0.41,1.4649999999999999
UTRGV,BAU,AY1,AY1-2,AY1-2-5,5,B2,50,80,0.57,1.4
UTRGV,BAU,AY1,AY1-2,AY1-2-6,6,B2ca,80,100,0.75,1.415
UTRGV,BAU,AY1,AY1-3,AY1-3-1,1,Ap,0,5,1,1.904179171
UTRGV,BAU,AY1,AY1-3,AY1-3-2,2,Ap,5,10,0.99,2.193312161
UTRGV,BAU,AY1,AY1-3,AY1-3-3,3,Ap,10,30,0.88,1.592416693
UTRGV,BAU,AY1,AY1-3,AY1-3-4,4,A1,30,50,0.53,1.4649999999999999
UTRGV,BAU,AY1,AY1-3,AY1-3-5,5,B2,50,80,0.41,1.4
UTRGV,BAU,AY1,AY1-3,AY1-3-6,6,B2ca,80,100,0.37,1.415
UTRGV,BAU,AY2,AY2-1,AY2-1-1,1,Ap,0,5,0.9,2.034517254
UTRGV,BAU,AY2,AY2-1,AY2-1-2,2,Ap,5,10,1.05,1.260064295
UTRGV,BAU,AY2,AY2-1,AY2-1-3,3,Ap,10,30,0.79,1.675553354
UTRGV,BAU,AY2,AY2-1,AY2-1-4,4,A1,30,50,0.79,1.4649999999999999
UTRGV,BAU,AY2,AY2-1,AY2-1-5,5,B2,50,80,0.6,1.4
UTRGV,BAU,AY2,AY2-1,AY2-1-6,6,B2ca,80,100,0.6,1.415
UTRGV,BAU,AY2,AY2-2,AY2-2-1,1,Ap,0,5,0.87,1.86727271
UTRGV,BAU,AY2,AY2-2,AY2-2-2,2,Ap,5,10,1.27,2.142031604
UTRGV,BAU,AY2,AY2-2,AY2-2-3,3,Ap,10,30,0.9,1.378650583
UTRGV,BAU,AY2,AY2-2,AY2-2-4,4,A1,30,50,0.61,1.4649999999999999
UTRGV,BAU,AY2,AY2-2,AY2-2-5,5,B2,50,80,0.2,1.4
UTRGV,BAU,AY2,AY2-2,AY2-2-6,6,B2ca,80,100,0.49,1.415
UTRGV,BAU,AY2,AY2-3,AY2-3-1,1,Ap,0,5,0.85,2.119402115
UTRGV,BAU,AY2,AY2-3,AY2-3-2,2,Ap,5,10,0.97,1.665452638
UTRGV,BAU,AY2,AY2-3,AY2-3-3,3,Ap,10,30,1.18,1.238891641
UTRGV,BAU,AY2,AY2-3,AY2-3-4,4,A1,30,50,0.84,1.4649999999999999
UTRGV,BAU,AY2,AY2-3,AY2-3-5,5,B2,50,80,0.67,1.4
UTRGV,BAU,AY2,AY2-3,AY2-3-6,6,B2ca,80,100,0.55,1.415
UTRGV,BAU,AY3,AY3-1,AY3-1-1,1,Ap,0,5,0.85,1.609704457
UTRGV,BAU,AY3,AY3-1,AY3-1-2,2,Ap,5,10,1.24,1.659916669
UTRGV,BAU,AY3,AY3-1,AY3-1-3,3,Ap,10,30,1.09,1.589891514
UTRGV,BAU,AY3,AY3-1,AY3-1-4,4,A1,30,50,0.73,1.4649999999999999
UTRGV,BAU,AY3,AY3-1,AY3-1-5,5,B2,50,80,0.67,1.4
UTRGV,BAU,AY3,AY3-1,AY3-1-6,6,B2ca,80,100,0.48,1.415
UTRGV,BAU,AY3,AY3-2,AY3-2-1,1,Ap,0,5,0.91,1.810844672
UTRGV,BAU,AY3,AY3-2,AY3-2-2,2,Ap,5,10,0.86,2.115905714
UTRGV,BAU,AY3,AY3-2,AY3-2-3,3,Ap,10,30,1.07,1.819100065
UTRGV,BAU,AY3,AY3-2,AY3-2-4,4,A1,30,50,1.02,1.4649999999999999
UTRGV,BAU,AY3,AY3-2,AY3-2-5,5,B2,50,80,0.75,1.4
UTRGV,BAU,AY3,AY3-2,AY3-2-6,6,B2ca,80,100,0.56,1.415
UTRGV,BAU,AY3,AY3-3,AY3-3-1,1,Ap,0,5,0.96,1.895243923
UTRGV,BAU,AY3,AY3-3,AY3-3-2,2,Ap,5,10,0.92,1.745772753
UTRGV,BAU,AY3,AY3-3,AY3-3-3,3,Ap,10,30,1.09,1.984402164
UTRGV,BAU,AY3,AY3-3,AY3-3-4,4,A1,30,50,0.75,1.4649999999999999
UTRGV,BAU,AY3,AY3-3,AY3-3-5,5,B2,50,80,0.56,1.4
UTRGV,BAU,AY3,AY3-3,AY3-3-6,6,B2ca,80,100,0.64,1.415
UTRGV,BAU,AZ1,AZ1-1,AZ1-1-1,1,Ap,0,5,1.52,2.085700689
UTRGV,BAU,AZ1,AZ1-1,AZ1-1-2,2,Ap,5,10,1.37,2.432912794
UTRGV,BAU,AZ1,AZ1-1,AZ1-1-3,3,Ap,10,30,1.07,1.369715335
UTRGV,BAU,AZ1,AZ1-1,AZ1-1-4,4,A1,30,50,0.75,1.4649999999999999
UTRGV,BAU,AZ1,AZ1-1,AZ1-1-5,5,B2,50,80,0.07,1.4
UTRGV,BAU,AZ1,AZ1-1,AZ1-1-6,6,B2ca,80,100,0.25,1.415
UTRGV,BAU,AZ1,AZ1-2,AZ1-2-1,1,Ap,0,5,1.17,2.147081961
UTRGV,BAU,AZ1,AZ1-2,AZ1-2-2,2,Ap,5,10,1.17,2.469236522
UTRGV,BAU,AZ1,AZ1-2,AZ1-2-3,3,Ap,10,30,0.68,1.901848237
UTRGV,BAU,AZ1,AZ1-2,AZ1-2-4,4,A1,30,50,0.32,1.4649999999999999
UTRGV,BAU,AZ1,AZ1-2,AZ1-2-5,5,B2,50,80,0.34,1.4
UTRGV,BAU,AZ1,AZ1-2,AZ1-2-6,6,B2ca,80,100,0.32,1.415
UTRGV,BAU,AZ1,AZ1-3,AZ1-3-1,1,Ap,0,5,0.88,2.332002758
UTRGV,BAU,AZ1,AZ1-3,AZ1-3-2,2,Ap,5,10,0.6,2.314132261
UTRGV,BAU,AZ1,AZ1-3,AZ1-3-3,3,Ap,10,30,0.87,1.610869924
UTRGV,BAU,AZ1,AZ1-3,AZ1-3-4,4,A1,30,50,0.48,1.4649999999999999
UTRGV,BAU,AZ1,AZ1-3,AZ1-3-5,5,B2,50,80,0.33,1.4
UTRGV,BAU,AZ1,AZ1-3,AZ1-3-6,6,B2ca,80,100,0.14,1.415
UTRGV,BAU,AZ2,AZ2-1,AZ2-1-1,1,Ap,0,5,0.86,1.233938405
UTRGV,BAU,AZ2,AZ2-1,AZ2-1-2,2,Ap,5,10,0.7,0.991812593
UTRGV,BAU,AZ2,AZ2-1,AZ2-1-3,3,Ap,10,30,0.77,1.35708944
UTRGV,BAU,AZ2,AZ2-1,AZ2-1-4,4,A1,30,50,0.37,1.4649999999999999
UTRGV,BAU,AZ2,AZ2-1,AZ2-1-5,5,B2,50,80,0.29,1.4
UTRGV,BAU,AZ2,AZ2-1,AZ2-1-6,6,B2ca,80,100,0.11,1.415
UTRGV,BAU,AZ2,AZ2-2,AZ2-2-1,1,Ap,0,5,0.95,1.241805309
UTRGV,BAU,AZ2,AZ2-2,AZ2-2-2,2,Ap,5,10,0.82,1.186834105
UTRGV,BAU,AZ2,AZ2-2,AZ2-2-3,3,Ap,10,30,0.74,1.235395239
UTRGV,BAU,AZ2,AZ2-2,AZ2-2-4,4,A1,30,50,0.48,1.4649999999999999
UTRGV,BAU,AZ2,AZ2-2,AZ2-2-5,5,B2,50,80,0.36,1.4
UTRGV,BAU,AZ2,AZ2-2,AZ2-2-6,6,B2ca,80,100,0.23,1.415
UTRGV,BAU,AZ2,AZ2-3,AZ2-3-1,1,Ap,0,5,1.11,1.344269301
UTRGV,BAU,AZ2,AZ2-3,AZ2-3-2,2,Ap,5,10,1.19,1.505977876
UTRGV,BAU,AZ2,AZ2-3,AZ2-3-3,3,Ap,10,30,0.9,1.521808805
UTRGV,BAU,AZ2,AZ2-3,AZ2-3-4,4,A1,30,50,0.97,1.4649999999999999
UTRGV,BAU,AZ2,AZ2-3,AZ2-3-5,5,B2,50,80,0.75,1.4
UTRGV,BAU,AZ2,AZ2-3,AZ2-3-6,6,B2ca,80,100,0.62,1.415
UTRGV,BAU,AZ3,AZ3-1,AZ3-1-1,1,Ap,0,5,1.36,1.695851908
UTRGV,BAU,AZ3,AZ3-1,AZ3-1-2,2,Ap,5,10,1.05,0.815535678
UTRGV,BAU,AZ3,AZ3-1,AZ3-1-3,3,Ap,10,30,1.08,0.883521265
UTRGV,BAU,AZ3,AZ3-1,AZ3-1-4,4,A1,30,50,0.73,1.4649999999999999
UTRGV,BAU,AZ3,AZ3-1,AZ3-1-5,5,B2,50,80,0.75,1.4
UTRGV,BAU,AZ3,AZ3-1,AZ3-1-6,6,B2ca,80,100,0.6,1.415
UTRGV,BAU,AZ3,AZ3-2,AZ3-2-1,1,Ap,0,5,1.23,1.401862805
UTRGV,BAU,AZ3,AZ3-2,AZ3-2-2,2,Ap,5,10,0.87,1.639909482
UTRGV,BAU,AZ3,AZ3-2,AZ3-2-3,3,Ap,10,30,0.82,0.951506852
UTRGV,BAU,AZ3,AZ3-2,AZ3-2-4,4,A1,30,50,0.62,1.4649999999999999
UTRGV,BAU,AZ3,AZ3-2,AZ3-2-5,5,B2,50,80,0.36,1.4
UTRGV,BAU,AZ3,AZ3-2,AZ3-2-6,6,B2ca,80,100,0.3,1.415
UTRGV,BAU,AZ3,AZ3-3,AZ3-3-1,1,Ap,0,5,1.16,1.336596642
UTRGV,BAU,AZ3,AZ3-3,AZ3-3-2,2,Ap,5,10,0.98,1.267931199
UTRGV,BAU,AZ3,AZ3-3,AZ3-3-3,3,Ap,10,30,0.86,1.434981498
UTRGV,BAU,AZ3,AZ3-3,AZ3-3-4,4,A1,30,50,1.29,1.4649999999999999
UTRGV,BAU,AZ3,AZ3-3,AZ3-3-5,5,B2,50,80,0.58,1.4
UTRGV,BAU,AZ3,AZ3-3,AZ3-3-6,6,B2ca,80,100,0.34,1.415
TexasA&MPt-1,BAU,CVT-1,CVT-1-1,CVT-1-1-1,1,Ap,0,5,0.15,1.11
TexasA&MPt-1,BAU,CVT-1,CVT-1-1,CVT-1-1-2,2,Ap,5,10,0.15,1.15
TexasA&MPt-1,BAU,CVT-1,CVT-1-1,CVT-1-1-3,3,Ap,10,35,0.17,1.43
TexasA&MPt-1,BAU,CVT-1,CVT-1-1,CVT-1-1-4,4,Bt1,35,75,0.17,1.44
TexasA&MPt-1,BAU,CVT-1,CVT-1-1,CVT-1-1-5,5,Bt2,75,100,0.11,1.37
TexasA&MPt-1,BAU,CVT-1,CVT-1-2,CVT-1-2-1,1,Ap,0,5,0.18,1.13
TexasA&MPt-1,BAU,CVT-1,CVT-1-2,CVT-1-2-2,2,Ap,5,10,0.17,1.45
TexasA&MPt-1,BAU,CVT-1,CVT-1-2,CVT-1-2-3,3,Ap,10,35,0.14,1.36
TexasA&MPt-1,BAU,CVT-1,CVT-1-2,CVT-1-2-4,4,Bt1,35,75,0.21,1.54
TexasA&MPt-1,BAU,CVT-1,CVT-1-2,CVT-1-2-5,5,Bt2,75,100,0.15,1.43
TexasA&MPt-1,BAU,CVT-1,CVT-1-3,CVT-1-3-1,1,Ap,0,5,0.21,1.72
TexasA&MPt-1,BAU,CVT-1,CVT-1-3,CVT-1-3-2,2,Ap,5,10,0.17,1.06
TexasA&MPt-1,BAU,CVT-1,CVT-1-3,CVT-1-3-3,3,Ap,10,35,0.17,1.59
TexasA&MPt-1,BAU,CVT-1,CVT-1-3,CVT-1-3-4,4,Bt1,35,75,0.15,1.55
TexasA&MPt-1,BAU,CVT-1,CVT-1-3,CVT-1-3-5,5,Bt2,75,100,0.15,1.48
TexasA&MPt-1,BAU,CVT-2,CVT-2-1,CVT-2-1-1,1,Ap,0,5,0.22,1.43
TexasA&MPt-1,BAU,CVT-2,CVT-2-1,CVT-2-1-2,2,Ap,5,10,0.22,1.08
TexasA&MPt-1,BAU,CVT-2,CVT-2-1,CVT-2-1-3,3,Ap,10,35,0.2,1.45
TexasA&MPt-1,BAU,CVT-2,CVT-2-1,CVT-2-1-4,4,Bt1,35,75,0.18,1.43
TexasA&MPt-1,BAU,CVT-2,CVT-2-1,CVT-2-1-5,5,Bt2,75,100,0.15,1.57
TexasA&MPt-1,BAU,CVT-2,CVT-2-2,CVT-2-2-1,1,Ap,0,5,0.21,0.93
TexasA&MPt-1,BAU,CVT-2,CVT-2-2,CVT-2-2-2,2,Ap,5,10,0.17,1.55
TexasA&MPt-1,BAU,CVT-2,CVT-2-2,CVT-2-2-3,3,Ap,10,35,0.18,1.29
TexasA&MPt-1,BAU,CVT-2,CVT-2-2,CVT-2-2-4,4,Bt1,35,75,0.17,1.37
TexasA&MPt-1,BAU,CVT-2,CVT-2-2,CVT-2-2-5,5,Bt2,75,100,0.13,1.41
TexasA&MPt-1,BAU,CVT-2,CVT-2-3,CVT-2-3-1,1,Ap,0,5,0.24,1.08
TexasA&MPt-1,BAU,CVT-2,CVT-2-3,CVT-2-3-2,2,Ap,5,10,0.17,1.18
TexasA&MPt-1,BAU,CVT-2,CVT-2-3,CVT-2-3-3,3,Ap,10,35,0.18,1.47
TexasA&MPt-1,BAU,CVT-2,CVT-2-3,CVT-2-3-4,4,Bt1,35,75,0.18,1.54
TexasA&MPt-1,BAU,CVT-2,CVT-2-3,CVT-2-3-5,5,Bt2,75,100,0.21,1.53
TexasA&MPt-1,BAU,CVT-3,CVT-3-1,CVT-3-1-1,1,Ap,0,5,0.19,1.48
TexasA&MPt-1,BAU,CVT-3,CVT-3-1,CVT-3-1-2,2,Ap,5,10,0.18,2.03
TexasA&MPt-1,BAU,CVT-3,CVT-3-1,CVT-3-1-3,3,Ap,10,35,0.22,1.41
TexasA&MPt-1,BAU,CVT-3,CVT-3-1,CVT-3-1-4,4,Bt1,35,75,0.13,1.45
TexasA&MPt-1,BAU,CVT-3,CVT-3-1,CVT-3-1-5,5,Bt2,75,100,0.1,1.46
TexasA&MPt-1,BAU,CVT-3,CVT-3-2,CVT-3-2-1,1,Ap,0,5,0.31,1.12
TexasA&MPt-1,BAU,CVT-3,CVT-3-2,CVT-3-2-2,2,Ap,5,10,0.33,1.07
TexasA&MPt-1,BAU,CVT-3,CVT-3-2,CVT-3-2-3,3,Ap,10,35,0.22,1.54
TexasA&MPt-1,BAU,CVT-3,CVT-3-2,CVT-3-2-4,4,Bt1,35,75,0.22,1.49
TexasA&MPt-1,BAU,CVT-3,CVT-3-2,CVT-3-2-5,5,Bt2,75,100,0.12,1.46
TexasA&MPt-1,BAU,CVT-3,CVT-3-3,CVT-3-3-1,1,Ap,0,5,0.2,1.52
TexasA&MPt-1,BAU,CVT-3,CVT-3-3,CVT-3-3-2,2,Ap,5,10,0.37,1.21
TexasA&MPt-1,BAU,CVT-3,CVT-3-3,CVT-3-3-3,3,Ap,10,35,0.17,1.56
TexasA&MPt-1,BAU,CVT-3,CVT-3-3,CVT-3-3-4,4,Bt1,35,75,0.22,1.41
TexasA&MPt-1,BAU,CVT-3,CVT-3-3,CVT-3-3-5,5,Bt2,75,100,0.15,1.41
TexasA&MPt-1,Ref,NAT-1,NAT-1-1,NAT-1-1-1,1,A,0,5,0.54,1.54
TexasA&MPt-1,Ref,NAT-1,NAT-1-1,NAT-1-1-2,2,A,5,10,0.28,1.58
TexasA&MPt-1,Ref,NAT-1,NAT-1-1,NAT-1-1-3,3,A,10,30,0.17,1.64
TexasA&MPt-1,Ref,NAT-1,NAT-1-1,NAT-1-1-4,4,Bt1,30,70,0.24,1.6
TexasA&MPt-1,Ref,NAT-1,NAT-1-1,NAT-1-1-5,5,Bt2,70,100,0.21,1.57
TexasA&MPt-1,Ref,NAT-2,NAT-2-2,NAT-2-2-1,1,A,0,5,0.42,1.63
TexasA&MPt-1,Ref,NAT-2,NAT-2-2,NAT-2-2-2,2,A,5,10,0.25,1.71
TexasA&MPt-1,Ref,NAT-2,NAT-2-2,NAT-2-2-3,3,A,10,30,0.18,1.27
TexasA&MPt-1,Ref,NAT-2,NAT-2-2,NAT-2-2-4,4,Bt1,30,70,0.25,1.7
TexasA&MPt-1,Ref,NAT-2,NAT-2-2,NAT-2-2-5,5,Bt2,70,100,0.3,1.5
TexasA&MPt-1,Ref,NAT-3,NAT-3-3,NAT-3-3-1,1,A,0,5,0.52,1.83
TexasA&MPt-1,Ref,NAT-3,NAT-3-3,NAT-3-3-2,2,A,5,10,0.3,1.52
TexasA&MPt-1,Ref,NAT-3,NAT-3-3,NAT-3-3-3,3,A,10,30,0.21,1.58
TexasA&MPt-1,Ref,NAT-3,NAT-3-3,NAT-3-3-4,4,Bt1,30,70,0.16,1.64
TexasA&MPt-1,Ref,NAT-3,NAT-3-3,NAT-3-3-5,5,Bt2,70,100,0.28,1.54
TexasA&MPt-1,SHM,NTM-1,NTM-1-1,NTM-1-1-1,1,Ap,0,5,0.7,1.21
TexasA&MPt-1,SHM,NTM-1,NTM-1-1,NTM-1-1-2,2,Ap,5,10,0.49,0.82
TexasA&MPt-1,SHM,NTM-1,NTM-1-1,NTM-1-1-3,3,Ap,10,35,0.16,1.49
TexasA&MPt-1,SHM,NTM-1,NTM-1-1,NTM-1-1-4,4,Bt1,35,75,0.12,1.4
TexasA&MPt-1,SHM,NTM-1,NTM-1-1,NTM-1-1-5,5,Bt2,75,100,0.11,1.5
TexasA&MPt-1,SHM,NTM-1,NTM-1-2,NTM-1-2-1,1,Ap,0,5,0.58,1.31
TexasA&MPt-1,SHM,NTM-1,NTM-1-2,NTM-1-2-2,2,Ap,5,10,0.36,1.5
TexasA&MPt-1,SHM,NTM-1,NTM-1-2,NTM-1-2-3,3,Ap,10,35,0.14,1.65
TexasA&MPt-1,SHM,NTM-1,NTM-1-2,NTM-1-2-4,4,Bt1,35,75,0.14,1.55
TexasA&MPt-1,SHM,NTM-1,NTM-1-2,NTM-1-2-5,5,Bt2,75,100,0.12,1.5
TexasA&MPt-1,SHM,NTM-1,NTM-1-3,NTM-1-3-1,1,Ap,0,5,0.47,1.58
TexasA&MPt-1,SHM,NTM-1,NTM-1-3,NTM-1-3-2,2,Ap,5,10,0.45,1.27
TexasA&MPt-1,SHM,NTM-1,NTM-1-3,NTM-1-3-3,3,Ap,10,35,0.14,1.51
TexasA&MPt-1,SHM,NTM-1,NTM-1-3,NTM-1-3-4,4,Bt1,35,75,0.22,1.47
TexasA&MPt-1,SHM,NTM-1,NTM-1-3,NTM-1-3-5,5,Bt2,75,100,0.16,1.45
TexasA&MPt-1,SHM,NTM-2,NTM-2-1,NTM-2-1-1,1,Ap,0,5,0.64,0.92
TexasA&MPt-1,SHM,NTM-2,NTM-2-1,NTM-2-1-2,2,Ap,5,10,0.55,1.47
TexasA&MPt-1,SHM,NTM-2,NTM-2-1,NTM-2-1-3,3,Ap,10,35,0.14,1.51
TexasA&MPt-1,SHM,NTM-2,NTM-2-1,NTM-2-1-4,4,Bt1,35,75,0.17,1.41
TexasA&MPt-1,SHM,NTM-2,NTM-2-1,NTM-2-1-5,5,Bt2,75,100,0.17,1.51
TexasA&MPt-1,SHM,NTM-2,NTM-2-2,NTM-2-2-1,1,Ap,0,5,0.68,1.61
TexasA&MPt-1,SHM,NTM-2,NTM-2-2,NTM-2-2-2,2,Ap,5,10,0.44,1.63
TexasA&MPt-1,SHM,NTM-2,NTM-2-2,NTM-2-2-3,3,Ap,10,35,0.16,1.51
TexasA&MPt-1,SHM,NTM-2,NTM-2-2,NTM-2-2-4,4,Bt1,35,75,0.2,1.39
TexasA&MPt-1,SHM,NTM-2,NTM-2-2,NTM-2-2-5,5,Bt2,75,100,0.15,1.44
TexasA&MPt-1,SHM,NTM-2,NTM-2-3,NTM-2-3-1,1,Ap,0,5,0.85,1.64
TexasA&MPt-1,SHM,NTM-2,NTM-2-3,NTM-2-3-2,2,Ap,5,10,0.47,1.38
TexasA&MPt-1,SHM,NTM-2,NTM-2-3,NTM-2-3-3,3,Ap,10,35,0.16,1.52
TexasA&MPt-1,SHM,NTM-2,NTM-2-3,NTM-2-3-4,4,Bt1,35,75,0.2,1.37
TexasA&MPt-1,SHM,NTM-2,NTM-2-3,NTM-2-3-5,5,Bt2,75,100,0.17,1.41
TexasA&MPt-1,SHM,NTM-3,NTM-3-1,NTM-3-1-1,1,Ap,0,5,0.77,1.15
TexasA&MPt-1,SHM,NTM-3,NTM-3-1,NTM-3-1-2,2,Ap,5,10,0.43,1.1
TexasA&MPt-1,SHM,NTM-3,NTM-3-1,NTM-3-1-3,3,Ap,10,35,0.2,1.46
TexasA&MPt-1,SHM,NTM-3,NTM-3-1,NTM-3-1-4,4,Bt1,35,75,0.23,1.44
TexasA&MPt-1,SHM,NTM-3,NTM-3-1,NTM-3-1-5,5,Bt2,75,100,0.18,1.88
TexasA&MPt-1,SHM,NTM-3,NTM-3-2,NTM-3-2-1,1,Ap,0,5,1.08,1.37
TexasA&MPt-1,SHM,NTM-3,NTM-3-2,NTM-3-2-2,2,Ap,5,10,0.62,1.38
TexasA&MPt-1,SHM,NTM-3,NTM-3-2,NTM-3-2-3,3,Ap,10,35,0.12,1.44
TexasA&MPt-1,SHM,NTM-3,NTM-3-2,NTM-3-2-4,4,Bt1,35,75,0.22,1.46
TexasA&MPt-1,SHM,NTM-3,NTM-3-2,NTM-3-2-5,5,Bt2,75,100,0.38,1.45
TexasA&MPt-1,SHM,NTM-3,NTM-3-3,NTM-3-3-1,1,Ap,0,5,0.49,1.53
TexasA&MPt-1,SHM,NTM-3,NTM-3-3,NTM-3-3-2,2,Ap,5,10,0.23,1.88
TexasA&MPt-1,SHM,NTM-3,NTM-3-3,NTM-3-3-3,3,Ap,10,35,0.13,1.5
TexasA&MPt-1,SHM,NTM-3,NTM-3-3,NTM-3-3-4,4,Bt1,35,75,0.13,1.57
TexasA&MPt-1,SHM,NTM-3,NTM-3-3,NTM-3-3-5,5,Bt2,75,100,0.07,1.47
TexasA&MPt-1,SHM,NTR-1,NTR-1-1,NTR-1-1-1,1,Ap,0,5,0.61,1.35
TexasA&MPt-1,SHM,NTR-1,NTR-1-1,NTR-1-1-2,2,Ap,5,10,0.43,1.3
TexasA&MPt-1,SHM,NTR-1,NTR-1-1,NTR-1-1-3,3,Ap,10,35,0.13,1.48
TexasA&MPt-1,SHM,NTR-1,NTR-1-1,NTR-1-1-4,4,Bt1,35,75,0.19,1.46
TexasA&MPt-1,SHM,NTR-1,NTR-1-1,NTR-1-1-5,5,Bt2,75,100,0.15,1.47
TexasA&MPt-1,SHM,NTR-1,NTR-1-2,NTR-1-2-1,1,Ap,0,5,0.62,1.5
TexasA&MPt-1,SHM,NTR-1,NTR-1-2,NTR-1-2-2,2,Ap,5,10,0.34,1.3
TexasA&MPt-1,SHM,NTR-1,NTR-1-2,NTR-1-2-3,3,Ap,10,35,0.15,1.57
TexasA&MPt-1,SHM,NTR-1,NTR-1-2,NTR-1-2-4,4,Bt1,35,75,0.17,1.51
TexasA&MPt-1,SHM,NTR-1,NTR-1-2,NTR-1-2-5,5,Bt2,75,100,0.17,1.51
TexasA&MPt-1,SHM,NTR-1,NTR-1-3,NTR-1-3-1,1,Ap,0,5,0.68,1.67
TexasA&MPt-1,SHM,NTR-1,NTR-1-3,NTR-1-3-2,2,Ap,5,10,0.34,1.44
TexasA&MPt-1,SHM,NTR-1,NTR-1-3,NTR-1-3-3,3,Ap,10,35,0.18,1.49
TexasA&MPt-1,SHM,NTR-1,NTR-1-3,NTR-1-3-4,4,Bt1,35,75,0.15,1.49
TexasA&MPt-1,SHM,NTR-1,NTR-1-3,NTR-1-3-5,5,Bt2,75,100,0.2,1.59
TexasA&MPt-1,SHM,NTR-2,NTR-2-1,NTR-2-1-1,1,Ap,0,5,0.66,1.37
TexasA&MPt-1,SHM,NTR-2,NTR-2-1,NTR-2-1-2,2,Ap,5,10,0.25,1.22
TexasA&MPt-1,SHM,NTR-2,NTR-2-1,NTR-2-1-3,3,Ap,10,35,0.15,1.41
TexasA&MPt-1,SHM,NTR-2,NTR-2-1,NTR-2-1-4,4,Bt1,35,75,0.17,1.32
TexasA&MPt-1,SHM,NTR-2,NTR-2-1,NTR-2-1-5,5,Bt2,75,100,0.15,1.52
TexasA&MPt-1,SHM,NTR-2,NTR-2-2,NTR-2-2-1,1,Ap,0,5,0.6,1.27
TexasA&MPt-1,SHM,NTR-2,NTR-2-2,NTR-2-2-2,2,Ap,5,10,0.44,1.21
TexasA&MPt-1,SHM,NTR-2,NTR-2-2,NTR-2-2-3,3,Ap,10,35,0.19,1.5
TexasA&MPt-1,SHM,NTR-2,NTR-2-2,NTR-2-2-4,4,Bt1,35,75,0.18,1.45
TexasA&MPt-1,SHM,NTR-2,NTR-2-2,NTR-2-2-5,5,Bt2,75,100,0.16,1.39
TexasA&MPt-1,SHM,NTR-2,NTR-2-3,NTR-2-3-1,1,Ap,0,5,0.53,1.45
TexasA&MPt-1,SHM,NTR-2,NTR-2-3,NTR-2-3-2,2,Ap,5,10,0.37,1.49
TexasA&MPt-1,SHM,NTR-2,NTR-2-3,NTR-2-3-3,3,Ap,10,35,0.14,1.49
TexasA&MPt-1,SHM,NTR-2,NTR-2-3,NTR-2-3-4,4,Bt1,35,75,0.25,1.38
TexasA&MPt-1,SHM,NTR-2,NTR-2-3,NTR-2-3-5,5,Bt2,75,100,0.26,1.29
TexasA&MPt-1,SHM,NTR-3,NTR-3-1,NTR-3-1-1,1,Ap,0,5,0.72,0.98
TexasA&MPt-1,SHM,NTR-3,NTR-3-1,NTR-3-1-2,2,Ap,5,10,0.54,1.14
TexasA&MPt-1,SHM,NTR-3,NTR-3-1,NTR-3-1-3,3,Ap,10,35,0.22,1.53
TexasA&MPt-1,SHM,NTR-3,NTR-3-1,NTR-3-1-4,4,Bt1,35,75,0.23,1.45
TexasA&MPt-1,SHM,NTR-3,NTR-3-1,NTR-3-1-5,5,Bt2,75,100,0.18,1.14
TexasA&MPt-1,SHM,NTR-3,NTR-3-2,NTR-3-2-1,1,Ap,0,5,0.91,1.39
TexasA&MPt-1,SHM,NTR-3,NTR-3-2,NTR-3-2-2,2,Ap,5,10,0.61,1.21
TexasA&MPt-1,SHM,NTR-3,NTR-3-2,NTR-3-2-3,3,Ap,10,35,0.15,1.37
TexasA&MPt-1,SHM,NTR-3,NTR-3-2,NTR-3-2-4,4,Bt1,35,75,0.33,1.46
TexasA&MPt-1,SHM,NTR-3,NTR-3-2,NTR-3-2-5,5,Bt2,75,100,0.24,1.41
TexasA&MPt-1,SHM,NTR-3,NTR-3-3,NTR-3-3-1,1,Ap,0,5,0.69,1.43
TexasA&MPt-1,SHM,NTR-3,NTR-3-3,NTR-3-3-2,2,Ap,5,10,0.33,1.58
TexasA&MPt-1,SHM,NTR-3,NTR-3-3,NTR-3-3-3,3,Ap,10,35,0.14,1.44
TexasA&MPt-1,SHM,NTR-3,NTR-3-3,NTR-3-3-4,4,Bt1,35,75,0.17,1.53
TexasA&MPt-1,SHM,NTR-3,NTR-3-3,NTR-3-3-5,5,Bt2,75,100,0.14,1.46
OregonStateJory,Ref,JoF1,JoF1-1,JoF1-1-1,1,A,0,5,4.253,0.5015
OregonStateJory,Ref,JoF1,JoF1-1,JoF1-1-2,2,A,5,10,3.418,0.6715
OregonStateJory,Ref,JoF1,JoF1-1,JoF1-1-3,3,BA,10,29,3.092,0.9859999999999999
OregonStateJory,Ref,JoF1,JoF1-1,JoF1-1-4,4,Bt,29,45,2.024,1.088
OregonStateJory,Ref,JoF1,JoF1-1,JoF1-1-5,5,Bt,45,100,0.604,1.1099999999999999
OregonStateJory,Ref,JoF1,JoF1-2,JoF1-2-1,1,A,0,5,3.171,0.59
OregonStateJory,Ref,JoF1,JoF1-2,JoF1-2-2,2,A,5,10,3.456,0.79
OregonStateJory,Ref,JoF1,JoF1-2,JoF1-2-3,3,BA,10,29,3.652,1.16
OregonStateJory,Ref,JoF1,JoF1-2,JoF1-2-4,4,Bt,29,45,2.508,1.36
OregonStateJory,Ref,JoF1,JoF1-2,JoF1-2-5,5,Bt,45,100,0.715,1.48
OregonStateJory,Ref,JoF1,JoF1-3,JoF1-3-1,1,A,0,5,4.832,0.59
OregonStateJory,Ref,JoF1,JoF1-3,JoF1-3-2,2,A,5,10,4.103,0.79
OregonStateJory,Ref,JoF1,JoF1-3,JoF1-3-3,3,BA,10,29,4.428,1.16
OregonStateJory,Ref,JoF1,JoF1-3,JoF1-3-4,4,Bt,29,45,2.685,1.36
OregonStateJory,Ref,JoF1,JoF1-3,JoF1-3-5,5,Bt,45,100,1.09,1.48
OregonStateJory,Ref,JoF2,JoF2-1,JoF2-1-1,1,A,0,5,4.559,0.6545
OregonStateJory,Ref,JoF2,JoF2-1,JoF2-1-2,2,A,5,10,3.24,0.9520000000000001
OregonStateJory,Ref,JoF2,JoF2-1,JoF2-1-3,3,A,10,30,2.282,1.071
OregonStateJory,Ref,JoF2,JoF2-1,JoF2-1-4,4,Bt,30,52,1.486,1.136
OregonStateJory,Ref,JoF2,JoF2-1,JoF2-1-5,5,Bt,52,100,0.988,1.122
OregonStateJory,Ref,JoF2,JoF2-2,JoF2-2-1,1,A,0,5,4.775,0.77
OregonStateJory,Ref,JoF2,JoF2-2,JoF2-2-2,2,A,5,10,4.159,1.12
OregonStateJory,Ref,JoF2,JoF2-2,JoF2-2-3,3,A,10,30,3.608,1.26
OregonStateJory,Ref,JoF2,JoF2-2,JoF2-2-4,4,Bt,30,52,1.788,1.42
OregonStateJory,Ref,JoF2,JoF2-2,JoF2-2-5,5,Bt,52,100,1.358,1.32
OregonStateJory,Ref,JoF2,JoF2-3,JoF2-3-1,1,A,0,5,4.703,0.77
OregonStateJory,Ref,JoF2,JoF2-3,JoF2-3-2,2,A,5,10,4.478,1.12
OregonStateJory,Ref,JoF2,JoF2-3,JoF2-3-3,3,A,10,30,3.216,1.26
OregonStateJory,Ref,JoF2,JoF2-3,JoF2-3-4,4,Bt,30,52,1.854,1.42
OregonStateJory,Ref,JoF2,JoF2-3,JoF2-3-5,5,Bt,52,100,1.353,1.32
OregonStateJory,Ref,JoF3,JoF3-1,JoF3-1-1,1,A,0,5,5.004,0.495
OregonStateJory,Ref,JoF3,JoF3-1,JoF3-1-2,2,A,5,10,3.965,0.504
OregonStateJory,Ref,JoF3,JoF3-1,JoF3-1-3,3,A,10,43,2.713,1.0241
OregonStateJory,Ref,JoF3,JoF3-1,JoF3-1-4,4,Bt,43,65,1.284,1.1264
OregonStateJory,Ref,JoF3,JoF3-1,JoF3-1-5,5,Bt,65,100,0.461,1.224
OregonStateJory,Ref,JoF3,JoF3-2,JoF3-2-1,1,A,0,5,5.607,0.66
OregonStateJory,Ref,JoF3,JoF3-2,JoF3-2-2,2,A,5,10,5.189,0.72
OregonStateJory,Ref,JoF3,JoF3-2,JoF3-2-3,3,A,10,43,4.693,1.33
OregonStateJory,Ref,JoF3,JoF3-2,JoF3-2-4,4,Bt,43,65,1.679,1.28
OregonStateJory,Ref,JoF3,JoF3-2,JoF3-2-5,5,Bt,65,100,0.604,1.44
OregonStateJory,Ref,JoF3,JoF3-3,JoF3-3-1,1,A,0,5,5.943,0.66
OregonStateJory,Ref,JoF3,JoF3-3,JoF3-3-2,2,A,5,10,5.64,0.72
OregonStateJory,Ref,JoF3,JoF3-3,JoF3-3-3,3,A,10,43,3.578,1.33
OregonStateJory,Ref,JoF3,JoF3-3,JoF3-3-4,4,Bt,43,65,1.653,1.28
OregonStateJory,Ref,JoF3,JoF3-3,JoF3-3-5,5,Bt,65,100,0.519,1.44
OregonStateJory,SHM,JoV1,JoV1-1,JoV1-1-1,1,A,0,5,3.364,1.096
OregonStateJory,SHM,JoV1,JoV1-1,JoV1-1-2,2,A,5,10,2.526,1.096
OregonStateJory,SHM,JoV1,JoV1-1,JoV1-1-3,3,AB,10,21,2.06,1.2325
OregonStateJory,SHM,JoV1,JoV1-1,JoV1-1-4,4,Bt,21,42,1.471,1.2325
OregonStateJory,SHM,JoV1,JoV1-1,JoV1-1-5,5,Bt,42,67,1.323,1.1815
OregonStateJory,SHM,JoV1,JoV1-1,JoV1-1-6,6,Bt,67,100,0.845,1.1985
OregonStateJory,SHM,JoV1,JoV1-2,JoV1-2-1,1,A,0,5,3.958,1.37
OregonStateJory,SHM,JoV1,JoV1-2,JoV1-2-2,2,A,5,10,2.927,1.37
OregonStateJory,SHM,JoV1,JoV1-2,JoV1-2-3,3,AB,10,21,2.097,1.45
OregonStateJory,SHM,JoV1,JoV1-2,JoV1-2-4,4,Bt,21,42,1.776,1.45
OregonStateJory,SHM,JoV1,JoV1-2,JoV1-2-5,5,Bt,42,67,1.077,1.39
OregonStateJory,SHM,JoV1,JoV1-2,JoV1-2-6,6,Bt,67,100,0.91,1.41
OregonStateJory,SHM,JoV1,JoV1-3,JoV1-3-1,1,A,0,5,2.107,1.37
OregonStateJory,SHM,JoV1,JoV1-3,JoV1-3-2,2,A,5,10,2.622,1.37
OregonStateJory,SHM,JoV1,JoV1-3,JoV1-3-3,3,AB,10,21,2.134,1.45
OregonStateJory,SHM,JoV1,JoV1-3,JoV1-3-4,4,Bt,21,42,1.73,1.45
OregonStateJory,SHM,JoV1,JoV1-3,JoV1-3-5,5,Bt,42,67,1.103,1.39
OregonStateJory,SHM,JoV1,JoV1-3,JoV1-3-6,6,Bt,67,100,1.679,1.41
OregonStateJory,SHM,JoV2,JoV2-1,JoV2-1-1,1,Ap,0,5,3.575,0.6120000000000001
OregonStateJory,SHM,JoV2,JoV2-1,JoV2-1-2,2,Ap,5,10,2.394,1.139
OregonStateJory,SHM,JoV2,JoV2-1,JoV2-1-3,3,Ap,10,25,1.5,1.1645
OregonStateJory,SHM,JoV2,JoV2-1,JoV2-1-4,4,Bt,25,49,0.67,1.2960000000000003
OregonStateJory,SHM,JoV2,JoV2-1,JoV2-1-5,5,Bt,49,84,0.42,1.3685
OregonStateJory,SHM,JoV2,JoV2-1,JoV2-1-6,6,2BC,84,100,0.487,0.99
OregonStateJory,SHM,JoV2,JoV2-2,JoV2-2-1,1,Ap,0,5,2.204,0.68
OregonStateJory,SHM,JoV2,JoV2-2,JoV2-2-2,2,Ap,5,10,2.209,1.34
OregonStateJory,SHM,JoV2,JoV2-2,JoV2-2-3,3,Ap,10,25,1.299,1.37
OregonStateJory,SHM,JoV2,JoV2-2,JoV2-2-4,4,Bt,25,49,0.761,1.6
OregonStateJory,SHM,JoV2,JoV2-2,JoV2-2-5,5,Bt,49,84,0.64,1.61
OregonStateJory,SHM,JoV2,JoV2-2,JoV2-2-6,6,2BC,84,100,0.655,1.32
OregonStateJory,SHM,JoV3,JoV3-1,JoV3-1-1,1,Ap,0,5,4.314,0.8658000000000001
OregonStateJory,SHM,JoV3,JoV3-1,JoV3-1-2,2,Ap,5,10,2.935,0.9984000000000001
OregonStateJory,SHM,JoV3,JoV3-1,JoV3-1-3,3,AB,10,56,1.834,1.0452000000000001
OregonStateJory,SHM,JoV3,JoV3-1,JoV3-1-4,4,Bt,56,74,1.308,1.0625
OregonStateJory,SHM,JoV3,JoV3-1,JoV3-1-5,5,Bt,74,100,0.908,1.19
OregonStateJory,SHM,JoV3,JoV3-2,JoV3-2-1,1,Ap,0,5,3.854,1.11
OregonStateJory,SHM,JoV3,JoV3-2,JoV3-2-2,2,Ap,5,10,2.601,1.28
OregonStateJory,SHM,JoV3,JoV3-2,JoV3-2-3,3,AB,10,56,1.891,1.34
OregonStateJory,SHM,JoV3,JoV3-2,JoV3-2-4,4,Bt,56,74,1.114,1.25
OregonStateJory,SHM,JoV3,JoV3-2,JoV3-2-5,5,Bt,74,100,1.03,1.4
OregonStateJory,SHM,JoV3,JoV3-3,JoV3-3-1,1,Ap,0,5,4.314,1.11
OregonStateJory,SHM,JoV3,JoV3-3,JoV3-3-2,2,Ap,5,10,2.844,1.28
OregonStateJory,SHM,JoV3,JoV3-3,JoV3-3-3,3,AB,10,56,1.951,1.34
OregonStateJory,SHM,JoV3,JoV3-3,JoV3-3-4,4,Bt,56,74,1.21,1.25
OregonStateJory,SHM,JoV3,JoV3-3,JoV3-3-5,5,Bt,74,100,0.902,1.4
OregonStateJory,BAU,JoXT1,JoXT1-1,JoXT1-1-1,1,Ap,0,5,3.006,1.1199999999999999
OregonStateJory,BAU,JoXT1,JoXT1-1,JoXT1-1-2,2,Ap,5,10,3.085,0.984
OregonStateJory,BAU,JoXT1,JoXT1-1,JoXT1-1-3,3,Ap,10,25,2.719,1.0114999999999998
OregonStateJory,BAU,JoXT1,JoXT1-1,JoXT1-1-4,4,AB,25,38,2.037,1.0114999999999998
OregonStateJory,BAU,JoXT1,JoXT1-1,JoXT1-1-5,5,Bt,38,69,0.911,1.0795
OregonStateJory,BAU,JoXT1,JoXT1-1,JoXT1-1-6,6,Bt,69,100,0.55,1.309
OregonStateJory,BAU,JoXT1,JoXT1-2,JoXT1-2-1,1,Ap,0,5,3.448,1.4
OregonStateJory,BAU,JoXT1,JoXT1-2,JoXT1-2-2,2,Ap,5,10,3.57,1.23
OregonStateJory,BAU,JoXT1,JoXT1-2,JoXT1-2-3,3,Ap,10,25,3.161,1.19
OregonStateJory,BAU,JoXT1,JoXT1-2,JoXT1-2-4,4,AB,25,38,2.452,1.19
OregonStateJory,BAU,JoXT1,JoXT1-2,JoXT1-2-5,5,Bt,38,69,1.492,1.27
OregonStateJory,BAU,JoXT1,JoXT1-2,JoXT1-2-6,6,Bt,69,100,0.723,1.54
OregonStateJory,BAU,JoXT1,JoXT1-3,JoXT1-3-1,1,Ap,0,5,3.583,1.4
OregonStateJory,BAU,JoXT1,JoXT1-3,JoXT1-3-2,2,Ap,5,10,3.585,1.23
OregonStateJory,BAU,JoXT1,JoXT1-3,JoXT1-3-3,3,Ap,10,25,3.648,1.19
OregonStateJory,BAU,JoXT1,JoXT1-3,JoXT1-3-4,4,AB,25,38,2.514,1.19
OregonStateJory,BAU,JoXT1,JoXT1-3,JoXT1-3-5,5,Bt,38,69,1.19,1.27
OregonStateJory,BAU,JoXT1,JoXT1-3,JoXT1-3-6,6,Bt,69,100,0.58,1.54
OregonStateJory,BAU,JoXT2,JoXT2-1,JoXT2-1-1,1,Ap,0,5,2.563,1.032
OregonStateJory,BAU,JoXT2,JoXT2-1,JoXT2-1-2,2,Ap,5,10,2.447,1
OregonStateJory,BAU,JoXT2,JoXT2-1,JoXT2-1-3,3,Ap,10,24,2.466,0.9956
OregonStateJory,BAU,JoXT2,JoXT2-1,JoXT2-1-4,4,Bt,24,57,2.045,1.0906000000000002
OregonStateJory,BAU,JoXT2,JoXT2-1,JoXT2-1-5,5,Bt,57,75,1.22,0.9939999999999999
OregonStateJory,BAU,JoXT2,JoXT2-1,JoXT2-1-6,6,Bt,75,100,0.64,1.19
OregonStateJory,BAU,JoXT2,JoXT2-2,JoXT2-2-1,1,Ap,0,5,2.373,1.29
OregonStateJory,BAU,JoXT2,JoXT2-2,JoXT2-2-2,2,Ap,5,10,2.223,1.25
OregonStateJory,BAU,JoXT2,JoXT2-2,JoXT2-2-3,3,Ap,10,24,2.244,1.31
OregonStateJory,BAU,JoXT2,JoXT2-2,JoXT2-2-4,4,Bt,24,57,1.805,1.33
OregonStateJory,BAU,JoXT2,JoXT2-2,JoXT2-2-5,5,Bt,57,75,1.548,1.4
OregonStateJory,BAU,JoXT2,JoXT2-2,JoXT2-2-6,6,Bt,75,100,0.682,1.4
OregonStateJory,BAU,JoXT2,JoXT2-3,JoXT2-3-1,1,Ap,0,5,2.525,1.29
OregonStateJory,BAU,JoXT2,JoXT2-3,JoXT2-3-2,2,Ap,5,10,2.428,1.25
OregonStateJory,BAU,JoXT2,JoXT2-3,JoXT2-3-3,3,Ap,10,24,2.117,1.31
OregonStateJory,BAU,JoXT2,JoXT2-3,JoXT2-3-4,4,Bt,24,57,1.468,1.33
OregonStateJory,BAU,JoXT2,JoXT2-3,JoXT2-3-5,5,Bt,57,75,0.892,1.4
OregonStateJory,BAU,JoXT2,JoXT2-3,JoXT2-3-6,6,Bt,75,100,0.589,1.4
OregonStateJory,BAU,JoXT3,JoXT3-1,JoXT3-1-1,1,Ap,0,5,2.663,1.02
OregonStateJory,BAU,JoXT3,JoXT3-1,JoXT3-1-2,2,Ap,5,10,2.573,1.2155
OregonStateJory,BAU,JoXT3,JoXT3-1,JoXT3-1-3,3,Ap,10,28,2.195,1.136
OregonStateJory,BAU,JoXT3,JoXT3-1,JoXT3-1-4,4,AB,28,60,1.197,1.008
OregonStateJory,BAU,JoXT3,JoXT3-1,JoXT3-1-5,5,BCt,60,100,0.693,0.9075
OregonStateJory,BAU,JoXT3,JoXT3-2,JoXT3-2-1,1,Ap,0,5,2.702,1.2
OregonStateJory,BAU,JoXT3,JoXT3-2,JoXT3-2-2,2,Ap,5,10,2.755,1.43
OregonStateJory,BAU,JoXT3,JoXT3-2,JoXT3-2-3,3,Ap,10,28,2.215,1.42
OregonStateJory,BAU,JoXT3,JoXT3-2,JoXT3-2-4,4,AB,28,60,1.439,1.26
OregonStateJory,BAU,JoXT3,JoXT3-2,JoXT3-2-5,5,BCt,60,100,0.286,1.21
OregonStateJory,BAU,JoXT3,JoXT3-3,JoXT3-3-1,1,Ap,0,5,2.676,1.2
OregonStateJory,BAU,JoXT3,JoXT3-3,JoXT3-3-2,2,Ap,5,10,2.753,1.43
OregonStateJory,BAU,JoXT3,JoXT3-3,JoXT3-3-3,3,Ap,10,28,2.401,1.42
OregonStateJory,BAU,JoXT3,JoXT3-3,JoXT3-3-4,4,AB,28,60,1.524,1.26
OregonStateJory,BAU,JoXT3,JoXT3-3,JoXT3-3-5,5,BCt,60,100,0.641,1.21
OregonStateWoodburn,BAU,WoCT1,WoCT1-1,WoCT1-1-1,1,Ap,0,5,1.934,0.96
OregonStateWoodburn,BAU,WoCT1,WoCT1-1,WoCT1-1-2,2,Ap,5,10,1.828,0.9525
OregonStateWoodburn,BAU,WoCT1,WoCT1-1,WoCT1-1-3,3,Ap,10,16,1.863,0.9525
OregonStateWoodburn,BAU,WoCT1,WoCT1-1,WoCT1-1-4,4,Ap,16,33,1.202,0.96
OregonStateWoodburn,BAU,WoCT1,WoCT1-1,WoCT1-1-5,5,Bt,33,65,0.457,1.0062
OregonStateWoodburn,BAU,WoCT1,WoCT1-1,WoCT1-1-6,6,Btg,65,90,0.309,1.014
OregonStateWoodburn,BAU,WoCT1,WoCT1-1,WoCT1-1-7,7,Btg,90,100,0.217,0.8710000000000001
OregonStateWoodburn,BAU,WoCT1,WoCT1-2,WoCT1-2-1,1,Ap,0,5,2.012,1.28
OregonStateWoodburn,BAU,WoCT1,WoCT1-2,WoCT1-2-2,2,Ap,5,10,1.737,1.27
OregonStateWoodburn,BAU,WoCT1,WoCT1-2,WoCT1-2-3,3,Ap,10,16,1.523,1.27
OregonStateWoodburn,BAU,WoCT1,WoCT1-2,WoCT1-2-4,4,Ap,16,33,1.283,1.28
OregonStateWoodburn,BAU,WoCT1,WoCT1-2,WoCT1-2-5,5,Bt,33,65,0.452,1.29
OregonStateWoodburn,BAU,WoCT1,WoCT1-2,WoCT1-2-6,6,Btg,65,90,0.311,1.3
OregonStateWoodburn,BAU,WoCT1,WoCT1-2,WoCT1-2-7,7,Btg,90,100,0.227,1.34
OregonStateWoodburn,BAU,WoCT1,WoCT1-3,WoCT1-3-1,1,Ap,0,5,1.838,1.28
OregonStateWoodburn,BAU,WoCT1,WoCT1-3,WoCT1-3-2,2,Ap,5,10,1.731,1.27
OregonStateWoodburn,BAU,WoCT1,WoCT1-3,WoCT1-3-3,3,Ap,10,16,1.448,1.27
OregonStateWoodburn,BAU,WoCT1,WoCT1-3,WoCT1-3-4,4,Ap,16,33,1.125,1.28
OregonStateWoodburn,BAU,WoCT1,WoCT1-3,WoCT1-3-5,5,Bt,33,65,0.426,1.29
OregonStateWoodburn,BAU,WoCT1,WoCT1-3,WoCT1-3-6,6,Btg,65,90,0.218,1.3
OregonStateWoodburn,BAU,WoCT1,WoCT1-3,WoCT1-3-7,7,Btg,90,100,0.296,1.34
OregonStateWoodburn,BAU,WoCT2,WoCT2-1,WoCT2-1-1,1,Ap,0,5,1.901,1.159
OregonStateWoodburn,BAU,WoCT2,WoCT2-1,WoCT2-1-2,2,Ap,5,10,1.909,1.3964999999999999
OregonStateWoodburn,BAU,WoCT2,WoCT2-1,WoCT2-1-3,3,Ap,10,25,1.941,1.4535
OregonStateWoodburn,BAU,WoCT2,WoCT2-1,WoCT2-1-4,4,Bt,25,58,0.982,1.3775
OregonStateWoodburn,BAU,WoCT2,WoCT2-1,WoCT2-1-5,5,Btg,58,100,0.398,1.4249999999999998
OregonStateWoodburn,BAU,WoCT2,WoCT2-2,WoCT2-2-1,1,Ap,0,5,2.258,1.22
OregonStateWoodburn,BAU,WoCT2,WoCT2-2,WoCT2-2-2,2,Ap,5,10,2.067,1.47
OregonStateWoodburn,BAU,WoCT2,WoCT2-2,WoCT2-2-3,3,Ap,10,25,2.118,1.53
OregonStateWoodburn,BAU,WoCT2,WoCT2-2,WoCT2-2-4,4,Bt,25,58,1.522,1.45
OregonStateWoodburn,BAU,WoCT2,WoCT2-2,WoCT2-2-5,5,Btg,58,100,0.548,1.5
OregonStateWoodburn,BAU,WoCT2,WoCT2-3,WoCT2-3-1,1,Ap,0,5,2.388,1.22
OregonStateWoodburn,BAU,WoCT2,WoCT2-3,WoCT2-3-2,2,Ap,5,10,2.322,1.47
OregonStateWoodburn,BAU,WoCT2,WoCT2-3,WoCT2-3-3,3,Ap,10,25,2.297,1.53
OregonStateWoodburn,BAU,WoCT2,WoCT2-3,WoCT2-3-4,4,Bt,25,58,1.311,1.45
OregonStateWoodburn,BAU,WoCT2,WoCT2-3,WoCT2-3-5,5,Btg,58,100,0.419,1.5
OregonStateWoodburn,BAU,WoCT3,WoCT3-1,WoCT3-1-1,1,Ap,0,5,1.628,1.2825
OregonStateWoodburn,BAU,WoCT3,WoCT3-1,WoCT3-1-2,2,Ap,5,10,1.593,1.4249999999999998
OregonStateWoodburn,BAU,WoCT3,WoCT3-1,WoCT3-1-3,3,Ap,10,22,1.555,1.3679999999999999
OregonStateWoodburn,BAU,WoCT3,WoCT3-1,WoCT3-1-4,4,Bt,22,57,0.432,1.4629999999999999
OregonStateWoodburn,BAU,WoCT3,WoCT3-1,WoCT3-1-5,5,Bt,57,100,0.222,1.2445
OregonStateWoodburn,BAU,WoCT3,WoCT3-2,WoCT3-2-1,1,Ap,0,5,1.798,1.35
OregonStateWoodburn,BAU,WoCT3,WoCT3-2,WoCT3-2-2,2,Ap,5,10,1.54,1.5
OregonStateWoodburn,BAU,WoCT3,WoCT3-2,WoCT3-2-3,3,Ap,10,22,1.451,1.44
OregonStateWoodburn,BAU,WoCT3,WoCT3-2,WoCT3-2-4,4,Bt,22,57,0.505,1.54
OregonStateWoodburn,BAU,WoCT3,WoCT3-2,WoCT3-2-5,5,Bt,57,100,0.226,1.31
OregonStateWoodburn,BAU,WoCT3,WoCT3-3,WoCT3-3-1,1,Ap,0,5,1.665,1.35
OregonStateWoodburn,BAU,WoCT3,WoCT3-3,WoCT3-3-2,2,Ap,5,10,1.547,1.5
OregonStateWoodburn,BAU,WoCT3,WoCT3-3,WoCT3-3-3,3,Ap,10,22,1.418,1.44
OregonStateWoodburn,BAU,WoCT3,WoCT3-3,WoCT3-3-4,4,Bt,22,57,0.784,1.54
OregonStateWoodburn,BAU,WoCT3,WoCT3-3,WoCT3-3-5,5,Bt,57,100,0.301,1.31
OregonStateWoodburn,Ref,WoH1,WoH1-1,WoH1-1-1,1,A,0,5,5.152,1.0285
OregonStateWoodburn,Ref,WoH1,WoH1-1,WoH1-1-2,2,A,5,10,2.26,1.139
OregonStateWoodburn,Ref,WoH1,WoH1-1,WoH1-1-3,3,A,10,29,1.446,1.19
OregonStateWoodburn,Ref,WoH1,WoH1-1,WoH1-1-4,4,Bt,29,51,1.214,1.1808
OregonStateWoodburn,Ref,WoH1,WoH1-1,WoH1-1-5,5,Btg,51,76,0.623,1.1645
OregonStateWoodburn,Ref,WoH1,WoH1-1,WoH1-1-6,6,Btg,76,100,0.18,1.0275
OregonStateWoodburn,Ref,WoH1,WoH1-2,WoH1-2-1,1,A,0,5,4.609,1.21
OregonStateWoodburn,Ref,WoH1,WoH1-2,WoH1-2-2,2,A,5,10,2.347,1.34
OregonStateWoodburn,Ref,WoH1,WoH1-2,WoH1-2-3,3,A,10,29,1.815,1.4
OregonStateWoodburn,Ref,WoH1,WoH1-2,WoH1-2-4,4,Bt,29,51,0.512,1.44
OregonStateWoodburn,Ref,WoH1,WoH1-2,WoH1-2-5,5,Btg,51,76,0.287,1.37
OregonStateWoodburn,Ref,WoH1,WoH1-2,WoH1-2-6,6,Btg,76,100,0.251,1.37
OregonStateWoodburn,Ref,WoH1,WoH1-3,WoH1-3-1,1,A,0,5,3.801,1.21
OregonStateWoodburn,Ref,WoH1,WoH1-3,WoH1-3-2,2,A,5,10,2.118,1.34
OregonStateWoodburn,Ref,WoH1,WoH1-3,WoH1-3-3,3,A,10,29,0.842,1.4
OregonStateWoodburn,Ref,WoH1,WoH1-3,WoH1-3-4,4,Bt,29,51,0.358,1.44
OregonStateWoodburn,Ref,WoH1,WoH1-3,WoH1-3-5,5,Btg,51,76,0.289,1.37
OregonStateWoodburn,Ref,WoH1,WoH1-3,WoH1-3-6,6,Btg,76,100,0.159,1.37
OregonStateWoodburn,Ref,WoH2,WoH2-1,WoH2-1-1,1,Ap,0,5,5.289,1.309
OregonStateWoodburn,Ref,WoH2,WoH2-1,WoH2-1-2,2,Ap,5,10,1.881,1.343
OregonStateWoodburn,Ref,WoH2,WoH2-1,WoH2-1-3,3,A,10,46,1.371,1.1645
OregonStateWoodburn,Ref,WoH2,WoH2-1,WoH2-1-4,4,AB,46,78,0.524,1.1729999999999998
OregonStateWoodburn,Ref,WoH2,WoH2-1,WoH2-1-5,5,Bt,78,100,0.324,1.1340000000000001
OregonStateWoodburn,Ref,WoH2,WoH2-2,WoH2-2-1,1,Ap,0,5,2.735,1.54
OregonStateWoodburn,Ref,WoH2,WoH2-2,WoH2-2-2,2,Ap,5,10,1.472,1.58
OregonStateWoodburn,Ref,WoH2,WoH2-2,WoH2-2-3,3,A,10,46,1.281,1.37
OregonStateWoodburn,Ref,WoH2,WoH2-2,WoH2-2-4,4,AB,46,78,0.648,1.38
OregonStateWoodburn,Ref,WoH2,WoH2-2,WoH2-2-5,5,Bt,78,100,0.318,1.26
OregonStateWoodburn,Ref,WoH2,WoH2-3,WoH2-3-1,1,Ap,0,5,2.246,1.54
OregonStateWoodburn,Ref,WoH2,WoH2-3,WoH2-3-2,2,Ap,5,10,1.563,1.58
OregonStateWoodburn,Ref,WoH2,WoH2-3,WoH2-3-3,3,A,10,46,1.134,1.37
OregonStateWoodburn,Ref,WoH2,WoH2-3,WoH2-3-4,4,AB,46,78,0.465,1.38
OregonStateWoodburn,Ref,WoH2,WoH2-3,WoH2-3-5,5,Bt,78,100,0.309,1.26
OregonStateWoodburn,Ref,WoH3,WoH3-1,WoH3-1-1,1,Ap,0,5,1.889,0.976
OregonStateWoodburn,Ref,WoH3,WoH3-1,WoH3-1-2,2,Ap,5,10,1.381,1.2480000000000002
OregonStateWoodburn,Ref,WoH3,WoH3-1,WoH3-1-3,3,A,10,45,0.694,1.1475
OregonStateWoodburn,Ref,WoH3,WoH3-1,WoH3-1-4,4,Bt,45,95,0.282,0.9099999999999999
OregonStateWoodburn,Ref,WoH3,WoH3-1,WoH3-1-5,5,Bt,95,100,0.197,0.9451999999999998
OregonStateWoodburn,Ref,WoH3,WoH3-2,WoH3-2-1,1,Ap,0,5,3.528,1.22
OregonStateWoodburn,Ref,WoH3,WoH3-2,WoH3-2-2,2,Ap,5,10,2.315,1.56
OregonStateWoodburn,Ref,WoH3,WoH3-2,WoH3-2-3,3,A,10,45,0.664,1.53
OregonStateWoodburn,Ref,WoH3,WoH3-2,WoH3-2-4,4,Bt,45,95,0.234,1.4
OregonStateWoodburn,Ref,WoH3,WoH3-2,WoH3-2-5,5,Bt,95,100,0.233,1.39
OregonStateWoodburn,Ref,WoH3,WoH3-3,WoH3-3-1,1,Ap,0,5,4.818,1.22
OregonStateWoodburn,Ref,WoH3,WoH3-3,WoH3-3-2,2,Ap,5,10,2.477,1.56
OregonStateWoodburn,Ref,WoH3,WoH3-3,WoH3-3-3,3,A,10,45,1.149,1.53
OregonStateWoodburn,Ref,WoH3,WoH3-3,WoH3-3-4,4,Bt,45,95,0.385,1.4
OregonStateWoodburn,Ref,WoH3,WoH3-3,WoH3-3-5,5,Bt,95,100,0.17,1.39
OregonStateWoodburn,SHM,WoNT1,WoNT1-1,WoNT1-1-1,1,A,0,5,3.094,0.8999999999999999
OregonStateWoodburn,SHM,WoNT1,WoNT1-1,WoNT1-1-2,2,A,5,10,2.861,0.99
OregonStateWoodburn,SHM,WoNT1,WoNT1-1,WoNT1-1-3,3,AB,10,33,1.544,1.088
OregonStateWoodburn,SHM,WoNT1,WoNT1-1,WoNT1-1-4,4,Bt,33,70,0.847,1.08
OregonStateWoodburn,SHM,WoNT1,WoNT1-1,WoNT1-1-5,5,2Bt,70,90,0.464,1.35
OregonStateWoodburn,SHM,WoNT1,WoNT1-1,WoNT1-1-6,6,2Bt,90,100,0.44,1.343
OregonStateWoodburn,SHM,WoNT1,WoNT1-2,WoNT1-2-1,1,A,0,5,2.905,1.2
OregonStateWoodburn,SHM,WoNT1,WoNT1-2,WoNT1-2-2,2,A,5,10,2.889,1.32
OregonStateWoodburn,SHM,WoNT1,WoNT1-2,WoNT1-2-3,3,AB,10,33,1.292,1.36
OregonStateWoodburn,SHM,WoNT1,WoNT1-2,WoNT1-2-4,4,Bt,33,70,0.584,1.35
OregonStateWoodburn,SHM,WoNT1,WoNT1-2,WoNT1-2-5,5,2Bt,70,90,0.45,1.5
OregonStateWoodburn,SHM,WoNT1,WoNT1-2,WoNT1-2-6,6,2Bt,90,100,0.54,1.58
OregonStateWoodburn,SHM,WoNT1,WoNT1-3,WoNT1-3-1,1,A,0,5,2.825,1.2
OregonStateWoodburn,SHM,WoNT1,WoNT1-3,WoNT1-3-2,2,A,5,10,2.336,1.32
OregonStateWoodburn,SHM,WoNT1,WoNT1-3,WoNT1-3-3,3,AB,10,33,1.481,1.36
OregonStateWoodburn,SHM,WoNT1,WoNT1-3,WoNT1-3-4,4,Bt,33,70,0.583,1.35
OregonStateWoodburn,SHM,WoNT1,WoNT1-3,WoNT1-3-5,5,2Bt,70,90,0.435,1.5
OregonStateWoodburn,SHM,WoNT1,WoNT1-3,WoNT1-3-6,6,2Bt,90,100,0.483,1.58
OregonStateWoodburn,SHM,WoNT2,WoNT2-1,WoNT2-1-1,1,Ap,0,5,2.819,1.0114999999999998
OregonStateWoodburn,SHM,WoNT2,WoNT2-1,WoNT2-1-2,2,Ap,5,10,2.084,1.287
OregonStateWoodburn,SHM,WoNT2,WoNT2-1,WoNT2-1-3,3,Ap,10,33,1.726,1.35
OregonStateWoodburn,SHM,WoNT2,WoNT2-1,WoNT2-1-4,4,Bt,33,61,1.009,1.269
OregonStateWoodburn,SHM,WoNT2,WoNT2-1,WoNT2-1-5,5,Bt,61,79,0.594,1.215
OregonStateWoodburn,SHM,WoNT2,WoNT2-1,WoNT2-1-6,6,Btg,79,100,0.335,1.0496
OregonStateWoodburn,SHM,WoNT2,WoNT2-2,WoNT2-2-1,1,Ap,0,5,2.272,1.19
OregonStateWoodburn,SHM,WoNT2,WoNT2-2,WoNT2-2-2,2,Ap,5,10,2.17,1.43
OregonStateWoodburn,SHM,WoNT2,WoNT2-2,WoNT2-2-3,3,Ap,10,33,1.8,1.5
OregonStateWoodburn,SHM,WoNT2,WoNT2-2,WoNT2-2-4,4,Bt,33,61,0.876,1.41
OregonStateWoodburn,SHM,WoNT2,WoNT2-2,WoNT2-2-5,5,Bt,61,79,0.46,1.35
OregonStateWoodburn,SHM,WoNT2,WoNT2-2,WoNT2-2-6,6,Btg,79,100,0.249,1.28
OregonStateWoodburn,SHM,WoNT2,WoNT2-3,WoNT2-3-1,1,Ap,0,5,2.402,1.19
OregonStateWoodburn,SHM,WoNT2,WoNT2-3,WoNT2-3-2,2,Ap,5,10,1.467,1.43
OregonStateWoodburn,SHM,WoNT2,WoNT2-3,WoNT2-3-3,3,Ap,10,33,1.782,1.5
OregonStateWoodburn,SHM,WoNT2,WoNT2-3,WoNT2-3-4,4,Bt,33,61,0.932,1.41
OregonStateWoodburn,SHM,WoNT2,WoNT2-3,WoNT2-3-5,5,Bt,61,79,0.546,1.35
OregonStateWoodburn,SHM,WoNT2,WoNT2-3,WoNT2-3-6,6,Btg,79,100,0.282,1.28
OregonStateWoodburn,SHM,WoNT3,WoNT3-1,WoNT3-1-1,1,Ap,0,5,3.098,1.053
OregonStateWoodburn,SHM,WoNT3,WoNT3-1,WoNT3-1-2,2,Ap,5,10,2.235,1.2060000000000002
OregonStateWoodburn,SHM,WoNT3,WoNT3-1,WoNT3-1-3,3,Ap,10,21,1.666,1.2240000000000002
OregonStateWoodburn,SHM,WoNT3,WoNT3-1,WoNT3-1-4,4,Bt,21,70,0.495,1.387
OregonStateWoodburn,SHM,WoNT3,WoNT3-1,WoNT3-1-5,5,Bt,70,100,0.215,1.269
OregonStateWoodburn,SHM,WoNT3,WoNT3-2,WoNT3-2-1,1,Ap,0,5,2.953,1.17
OregonStateWoodburn,SHM,WoNT3,WoNT3-2,WoNT3-2-2,2,Ap,5,10,2.067,1.34
OregonStateWoodburn,SHM,WoNT3,WoNT3-2,WoNT3-2-3,3,Ap,10,21,1.715,1.36
OregonStateWoodburn,SHM,WoNT3,WoNT3-2,WoNT3-2-4,4,Bt,21,70,0.595,1.46
OregonStateWoodburn,SHM,WoNT3,WoNT3-2,WoNT3-2-5,5,Bt,70,100,0.226,1.41
OregonStateWoodburn,SHM,WoNT3,WoNT3-3,WoNT3-3-1,1,Ap,0,5,2.542,1.17
OregonStateWoodburn,SHM,WoNT3,WoNT3-3,WoNT3-3-2,2,Ap,5,10,2.054,1.34
OregonStateWoodburn,SHM,WoNT3,WoNT3-3,WoNT3-3-3,3,Ap,10,21,1.456,1.36
OregonStateWoodburn,SHM,WoNT3,WoNT3-3,WoNT3-3-4,4,Bt,21,70,0.671,1.46
OregonStateWoodburn,SHM,WoNT3,WoNT3-3,WoNT3-3-5,5,Bt,70,100,0.231,1.41
